id,name,category,occasion,platform,price,quality_rating,delivery_days,color,size,gender,description,image_keyword
1,Heavy Lehenga Choli,Lehenga Choli,Wedding,Manyavar,16270,4.1,4,Royal Blue,XS,Female,Heavy embroidered lehenga choli with dupatta. Rich zari work and mirror embellishment.,"lehenga,choli,royal blue"
2,Heavy Banarasi Saree,Banarasi Saree,Wedding,Amazon,18657,4.5,2,Royal Blue,S,Female,Heavy Banarasi Saree for Wedding occasions.,"banarasi,saree,royal blue"
3,Zari Work Kanjeevaram Saree,Kanjeevaram Saree,Wedding,Manyavar,13338,4.4,8,Peach,M,Female,Zari Work Kanjeevaram Saree for Wedding occasions.,"kanjeevaram,saree,peach"
4,Heavy Silk Saree,Silk Saree,Wedding,Myntra,19426,4.2,7,Gold,XS,Female,Heavy Silk Saree for Wedding occasions.,"silk,saree,gold"
5,Bridal Anarkali Suit,Anarkali Suit,Wedding,Amazon,13571,4.0,3,Peach,L,Female,Bridal Anarkali Suit for Wedding occasions.,"anarkali,suit,peach"
6,Embroidered Sharara,Sharara,Wedding,Meesho,16495,4.7,7,Peach,XXL,Female,Embroidered Sharara for Wedding occasions.,"sharara,peach"
7,Bridal Gharara,Gharara,Wedding,Manyavar,13981,5.0,2,Red,XXL,Female,Bridal Gharara for Wedding occasions.,"gharara,red"
8,Designer Lehenga Choli,Lehenga Choli,Wedding,Amazon,7710,4.4,8,Pink,M,Female,Heavy embroidered lehenga choli with dupatta. Rich zari work and mirror embellishment.,"lehenga,choli,pink"
9,Embellished Banarasi Saree,Banarasi Saree,Wedding,Myntra,3629,4.4,2,Red,M,Female,Embellished Banarasi Saree for Wedding occasions.,"banarasi,saree,red"
10,Embroidered Kanjeevaram Saree,Kanjeevaram Saree,Wedding,Meesho,12889,5.0,7,Ivory,XS,Female,Embroidered Kanjeevaram Saree for Wedding occasions.,"kanjeevaram,saree,ivory"
11,Embellished Silk Saree,Silk Saree,Wedding,Manyavar,17514,4.4,2,Ivory,XXL,Female,Embellished Silk Saree for Wedding occasions.,"silk,saree,ivory"
12,Heavy Anarkali Suit,Anarkali Suit,Wedding,Amazon,10782,4.1,2,Red,XXL,Female,Heavy Anarkali Suit for Wedding occasions.,"anarkali,suit,red"
13,Designer Sharara,Sharara,Wedding,Amazon,7933,4.4,6,Gold,S,Female,Designer Sharara for Wedding occasions.,"sharara,gold"
14,Zari Work Gharara,Gharara,Wedding,Myntra,8694,4.5,5,Red,XS,Female,Zari Work Gharara for Wedding occasions.,"gharara,red"
15,Zari Work Lehenga Choli,Lehenga Choli,Wedding,Myntra,12666,4.2,5,Royal Blue,Free Size,Female,Heavy embroidered lehenga choli with dupatta. Rich zari work and mirror embellishment.,"lehenga,choli,royal blue"
16,Heavy Banarasi Saree,Banarasi Saree,Wedding,Meesho,18464,4.2,2,Pink,L,Female,Heavy Banarasi Saree for Wedding occasions.,"banarasi,saree,pink"
17,Sequined Kanjeevaram Saree,Kanjeevaram Saree,Wedding,Meesho,10007,4.9,6,Deep Purple,XS,Female,Sequined Kanjeevaram Saree for Wedding occasions.,"kanjeevaram,saree,deep purple"
18,Bridal Silk Saree,Silk Saree,Wedding,Manyavar,5995,4.6,3,Gold,Free Size,Female,Bridal Silk Saree for Wedding occasions.,"silk,saree,gold"
19,Heavy Anarkali Suit,Anarkali Suit,Wedding,Myntra,12592,4.8,7,Pink,M,Female,Heavy Anarkali Suit for Wedding occasions.,"anarkali,suit,pink"
20,Sequined Sharara,Sharara,Wedding,Amazon,16655,3.9,8,Pink,M,Female,Sequined Sharara for Wedding occasions.,"sharara,pink"
21,Bridal Gharara,Gharara,Wedding,Meesho,16577,4.2,3,Ivory,M,Female,Bridal Gharara for Wedding occasions.,"gharara,ivory"
22,Embellished Lehenga Choli,Lehenga Choli,Wedding,Meesho,8677,4.5,8,Ivory,S,Female,Heavy embroidered lehenga choli with dupatta. Rich zari work and mirror embellishment.,"lehenga,choli,ivory"
23,Embroidered Banarasi Saree,Banarasi Saree,Wedding,Manyavar,13060,4.3,2,Deep Purple,XS,Female,Embroidered Banarasi Saree for Wedding occasions.,"banarasi,saree,deep purple"
24,Embellished Kanjeevaram Saree,Kanjeevaram Saree,Wedding,Manyavar,9548,4.3,4,Red,M,Female,Embellished Kanjeevaram Saree for Wedding occasions.,"kanjeevaram,saree,red"
25,Bridal Silk Saree,Silk Saree,Wedding,Manyavar,7711,4.8,8,Royal Blue,XL,Female,Bridal Silk Saree for Wedding occasions.,"silk,saree,royal blue"
26,Designer Anarkali Suit,Anarkali Suit,Wedding,Manyavar,5703,4.6,6,Royal Blue,L,Female,Designer Anarkali Suit for Wedding occasions.,"anarkali,suit,royal blue"
27,Embroidered Sharara,Sharara,Wedding,Myntra,16527,4.5,4,Cream,XL,Female,Embroidered Sharara for Wedding occasions.,"sharara,cream"
28,Heavy Gharara,Gharara,Wedding,Myntra,13898,4.7,5,Cream,M,Female,Heavy Gharara for Wedding occasions.,"gharara,cream"
29,Bridal Lehenga Choli,Lehenga Choli,Wedding,Manyavar,9852,3.9,5,Peach,M,Female,Heavy embroidered lehenga choli with dupatta. Rich zari work and mirror embellishment.,"lehenga,choli,peach"
30,Embellished Banarasi Saree,Banarasi Saree,Wedding,Myntra,19469,4.5,5,Red,XL,Female,Embellished Banarasi Saree for Wedding occasions.,"banarasi,saree,red"
31,Designer Kanjeevaram Saree,Kanjeevaram Saree,Wedding,Meesho,12919,4.4,8,Maroon,M,Female,Designer Kanjeevaram Saree for Wedding occasions.,"kanjeevaram,saree,maroon"
32,Sequined Silk Saree,Silk Saree,Wedding,Amazon,19475,4.6,4,Deep Purple,XXL,Female,Sequined Silk Saree for Wedding occasions.,"silk,saree,deep purple"
33,Designer Anarkali Suit,Anarkali Suit,Wedding,Meesho,14584,4.5,5,Deep Purple,Free Size,Female,Designer Anarkali Suit for Wedding occasions.,"anarkali,suit,deep purple"
34,Embroidered Sharara,Sharara,Wedding,Meesho,5324,4.2,6,Red,XXL,Female,Embroidered Sharara for Wedding occasions.,"sharara,red"
35,Embellished Gharara,Gharara,Wedding,Meesho,18007,4.9,2,Pink,M,Female,Embellished Gharara for Wedding occasions.,"gharara,pink"
36,Zari Work Lehenga Choli,Lehenga Choli,Wedding,Myntra,13605,4.5,8,Cream,L,Female,Heavy embroidered lehenga choli with dupatta. Rich zari work and mirror embellishment.,"lehenga,choli,cream"
37,Bridal Banarasi Saree,Banarasi Saree,Wedding,Manyavar,19626,4.5,8,Peach,XXL,Female,Bridal Banarasi Saree for Wedding occasions.,"banarasi,saree,peach"
38,Sequined Kanjeevaram Saree,Kanjeevaram Saree,Wedding,Manyavar,19576,4.1,4,Gold,Free Size,Female,Sequined Kanjeevaram Saree for Wedding occasions.,"kanjeevaram,saree,gold"
39,Heavy Silk Saree,Silk Saree,Wedding,Manyavar,6023,5.0,5,Ivory,Free Size,Female,Heavy Silk Saree for Wedding occasions.,"silk,saree,ivory"
40,Bridal Anarkali Suit,Anarkali Suit,Wedding,Myntra,10188,4.0,5,Gold,M,Female,Bridal Anarkali Suit for Wedding occasions.,"anarkali,suit,gold"
41,Embroidered Sharara,Sharara,Wedding,Meesho,19155,4.9,7,Gold,Free Size,Female,Embroidered Sharara for Wedding occasions.,"sharara,gold"
42,Sequined Gharara,Gharara,Wedding,Manyavar,19533,4.6,4,Pink,XL,Female,Sequined Gharara for Wedding occasions.,"gharara,pink"
43,Designer Lehenga Choli,Lehenga Choli,Wedding,Myntra,19345,4.0,2,Cream,XXL,Female,Heavy embroidered lehenga choli with dupatta. Rich zari work and mirror embellishment.,"lehenga,choli,cream"
44,Embroidered Banarasi Saree,Banarasi Saree,Wedding,Myntra,12916,4.1,2,Pink,XS,Female,Embroidered Banarasi Saree for Wedding occasions.,"banarasi,saree,pink"
45,Bridal Kanjeevaram Saree,Kanjeevaram Saree,Wedding,Manyavar,13458,4.6,7,Red,XS,Female,Bridal Kanjeevaram Saree for Wedding occasions.,"kanjeevaram,saree,red"
46,Bridal Silk Saree,Silk Saree,Wedding,Meesho,11556,4.0,8,Gold,Free Size,Female,Bridal Silk Saree for Wedding occasions.,"silk,saree,gold"
47,Embroidered Anarkali Suit,Anarkali Suit,Wedding,Amazon,11574,4.3,4,Pink,XS,Female,Embroidered Anarkali Suit for Wedding occasions.,"anarkali,suit,pink"
48,Zari Work Sharara,Sharara,Wedding,Myntra,3920,4.7,5,Ivory,XS,Female,Zari Work Sharara for Wedding occasions.,"sharara,ivory"
49,Embroidered Gharara,Gharara,Wedding,Manyavar,14079,4.7,6,Ivory,XL,Female,Embroidered Gharara for Wedding occasions.,"gharara,ivory"
50,Zari Work Lehenga Choli,Lehenga Choli,Wedding,Amazon,15065,4.1,2,Peach,XS,Female,Heavy embroidered lehenga choli with dupatta. Rich zari work and mirror embellishment.,"lehenga,choli,peach"
51,Embroidered Sherwani,Sherwani,Wedding,Myntra,6990,4.2,4,Royal Blue,Free Size,Male,Elegant sherwani with intricate embroidery. Perfect for wedding ceremonies.,"sherwani,royal blue"
52,Embroidered Kurta Pajama,Kurta Pajama,Wedding,Amazon,17807,4.6,2,Cream,Free Size,Male,Embroidered Kurta Pajama for Wedding occasions.,"kurta,pajama,cream"
53,Embellished Dhoti,Dhoti,Wedding,Manyavar,18287,4.9,3,Red,Free Size,Male,Embellished Dhoti for Wedding occasions.,"dhoti,red"
54,Sequined Indo-Western Suit,Indo-Western Suit,Wedding,Myntra,6387,4.6,6,Red,Free Size,Male,Sequined Indo-Western Suit for Wedding occasions.,"indo-western,suit,red"
55,Heavy Angavastram,Angavastram,Wedding,Amazon,3829,4.9,2,Deep Purple,XS,Male,Heavy Angavastram for Wedding occasions.,"angavastram,deep purple"
56,Heavy Sherwani,Sherwani,Wedding,Meesho,7776,4.2,5,Gold,Free Size,Male,Elegant sherwani with intricate embroidery. Perfect for wedding ceremonies.,"sherwani,gold"
57,Sequined Kurta Pajama,Kurta Pajama,Wedding,Amazon,7579,4.2,4,Red,XL,Male,Sequined Kurta Pajama for Wedding occasions.,"kurta,pajama,red"
58,Designer Dhoti,Dhoti,Wedding,Meesho,8346,4.2,3,Red,Free Size,Male,Designer Dhoti for Wedding occasions.,"dhoti,red"
59,Embroidered Indo-Western Suit,Indo-Western Suit,Wedding,Amazon,11886,4.7,4,Cream,Free Size,Male,Embroidered Indo-Western Suit for Wedding occasions.,"indo-western,suit,cream"
60,Zari Work Angavastram,Angavastram,Wedding,Amazon,15646,4.5,6,Gold,XL,Male,Zari Work Angavastram for Wedding occasions.,"angavastram,gold"
61,Bridal Sherwani,Sherwani,Wedding,Myntra,9805,4.7,2,Royal Blue,XXL,Male,Elegant sherwani with intricate embroidery. Perfect for wedding ceremonies.,"sherwani,royal blue"
62,Heavy Kurta Pajama,Kurta Pajama,Wedding,Myntra,11511,4.3,4,Red,L,Male,Heavy Kurta Pajama for Wedding occasions.,"kurta,pajama,red"
63,Heavy Dhoti,Dhoti,Wedding,Manyavar,10363,4.0,4,Cream,L,Male,Heavy Dhoti for Wedding occasions.,"dhoti,cream"
64,Designer Indo-Western Suit,Indo-Western Suit,Wedding,Meesho,18061,4.6,8,Deep Purple,S,Male,Designer Indo-Western Suit for Wedding occasions.,"indo-western,suit,deep purple"
65,Zari Work Angavastram,Angavastram,Wedding,Meesho,13506,4.8,6,Maroon,L,Male,Zari Work Angavastram for Wedding occasions.,"angavastram,maroon"
66,Embellished Sherwani,Sherwani,Wedding,Myntra,11713,3.9,7,Ivory,XS,Male,Elegant sherwani with intricate embroidery. Perfect for wedding ceremonies.,"sherwani,ivory"
67,Designer Kurta Pajama,Kurta Pajama,Wedding,Manyavar,13820,3.9,4,Gold,XXL,Male,Designer Kurta Pajama for Wedding occasions.,"kurta,pajama,gold"
68,Bridal Dhoti,Dhoti,Wedding,Meesho,14415,4.5,5,Red,XS,Male,Bridal Dhoti for Wedding occasions.,"dhoti,red"
69,Heavy Indo-Western Suit,Indo-Western Suit,Wedding,Amazon,9282,4.4,6,Pink,S,Male,Heavy Indo-Western Suit for Wedding occasions.,"indo-western,suit,pink"
70,Bridal Angavastram,Angavastram,Wedding,Myntra,10246,4.5,6,Deep Purple,Free Size,Male,Bridal Angavastram for Wedding occasions.,"angavastram,deep purple"
71,Sequined Sherwani,Sherwani,Wedding,Manyavar,15519,5.0,8,Maroon,L,Male,Elegant sherwani with intricate embroidery. Perfect for wedding ceremonies.,"sherwani,maroon"
72,Sequined Kurta Pajama,Kurta Pajama,Wedding,Meesho,9052,4.6,7,Red,XS,Male,Sequined Kurta Pajama for Wedding occasions.,"kurta,pajama,red"
73,Sequined Dhoti,Dhoti,Wedding,Myntra,4884,3.9,6,Ivory,XXL,Male,Sequined Dhoti for Wedding occasions.,"dhoti,ivory"
74,Embellished Indo-Western Suit,Indo-Western Suit,Wedding,Myntra,6763,3.8,5,Deep Purple,M,Male,Embellished Indo-Western Suit for Wedding occasions.,"indo-western,suit,deep purple"
75,Bridal Angavastram,Angavastram,Wedding,Amazon,14495,4.9,6,Gold,XXL,Male,Bridal Angavastram for Wedding occasions.,"angavastram,gold"
76,Bridal Sherwani,Sherwani,Wedding,Myntra,4960,4.8,4,Royal Blue,XXL,Male,Elegant sherwani with intricate embroidery. Perfect for wedding ceremonies.,"sherwani,royal blue"
77,Heavy Kurta Pajama,Kurta Pajama,Wedding,Amazon,6817,4.7,5,Cream,Free Size,Male,Heavy Kurta Pajama for Wedding occasions.,"kurta,pajama,cream"
78,Zari Work Dhoti,Dhoti,Wedding,Manyavar,9212,4.1,6,Maroon,L,Male,Zari Work Dhoti for Wedding occasions.,"dhoti,maroon"
79,Zari Work Indo-Western Suit,Indo-Western Suit,Wedding,Myntra,18494,3.8,6,Pink,Free Size,Male,Zari Work Indo-Western Suit for Wedding occasions.,"indo-western,suit,pink"
80,Heavy Angavastram,Angavastram,Wedding,Meesho,4629,4.4,3,Maroon,L,Male,Heavy Angavastram for Wedding occasions.,"angavastram,maroon"
81,Zari Work Sherwani,Sherwani,Wedding,Amazon,7074,4.5,7,Deep Purple,XS,Male,Elegant sherwani with intricate embroidery. Perfect for wedding ceremonies.,"sherwani,deep purple"
82,Sequined Kurta Pajama,Kurta Pajama,Wedding,Myntra,12707,4.0,4,Cream,XXL,Male,Sequined Kurta Pajama for Wedding occasions.,"kurta,pajama,cream"
83,Bridal Dhoti,Dhoti,Wedding,Meesho,5612,4.6,4,Maroon,M,Male,Bridal Dhoti for Wedding occasions.,"dhoti,maroon"
84,Embroidered Indo-Western Suit,Indo-Western Suit,Wedding,Amazon,16690,4.0,5,Cream,Free Size,Male,Embroidered Indo-Western Suit for Wedding occasions.,"indo-western,suit,cream"
85,Bridal Angavastram,Angavastram,Wedding,Amazon,15895,4.4,4,Red,M,Male,Bridal Angavastram for Wedding occasions.,"angavastram,red"
86,Embellished Sherwani,Sherwani,Wedding,Manyavar,4921,4.6,6,Cream,Free Size,Male,Elegant sherwani with intricate embroidery. Perfect for wedding ceremonies.,"sherwani,cream"
87,Heavy Kurta Pajama,Kurta Pajama,Wedding,Manyavar,18530,4.0,5,Ivory,Free Size,Male,Heavy Kurta Pajama for Wedding occasions.,"kurta,pajama,ivory"
88,Zari Work Dhoti,Dhoti,Wedding,Amazon,14714,3.9,4,Deep Purple,L,Male,Zari Work Dhoti for Wedding occasions.,"dhoti,deep purple"
89,Embroidered Indo-Western Suit,Indo-Western Suit,Wedding,Manyavar,5464,4.9,7,Deep Purple,S,Male,Embroidered Indo-Western Suit for Wedding occasions.,"indo-western,suit,deep purple"
90,Embellished Angavastram,Angavastram,Wedding,Meesho,16784,4.6,7,Red,XS,Male,Embellished Angavastram for Wedding occasions.,"angavastram,red"
91,Designer Sherwani,Sherwani,Wedding,Meesho,17609,4.2,8,Ivory,L,Male,Elegant sherwani with intricate embroidery. Perfect for wedding ceremonies.,"sherwani,ivory"
92,Designer Kurta Pajama,Kurta Pajama,Wedding,Meesho,7749,4.7,4,Deep Purple,S,Male,Designer Kurta Pajama for Wedding occasions.,"kurta,pajama,deep purple"
93,Embellished Dhoti,Dhoti,Wedding,Manyavar,10522,4.3,4,Red,Free Size,Male,Embellished Dhoti for Wedding occasions.,"dhoti,red"
94,Designer Indo-Western Suit,Indo-Western Suit,Wedding,Myntra,4778,5.0,5,Ivory,L,Male,Designer Indo-Western Suit for Wedding occasions.,"indo-western,suit,ivory"
95,Zari Work Angavastram,Angavastram,Wedding,Meesho,11769,4.7,4,Cream,XS,Male,Zari Work Angavastram for Wedding occasions.,"angavastram,cream"
96,Embroidered Sherwani,Sherwani,Wedding,Myntra,13256,4.3,5,Red,L,Male,Elegant sherwani with intricate embroidery. Perfect for wedding ceremonies.,"sherwani,red"
97,Sequined Kurta Pajama,Kurta Pajama,Wedding,Myntra,6506,4.3,3,Cream,XL,Male,Sequined Kurta Pajama for Wedding occasions.,"kurta,pajama,cream"
98,Bridal Dhoti,Dhoti,Wedding,Myntra,6829,5.0,2,Pink,XS,Male,Bridal Dhoti for Wedding occasions.,"dhoti,pink"
99,Heavy Indo-Western Suit,Indo-Western Suit,Wedding,Amazon,15214,4.2,6,Royal Blue,M,Male,Heavy Indo-Western Suit for Wedding occasions.,"indo-western,suit,royal blue"
100,Bridal Angavastram,Angavastram,Wedding,Manyavar,18129,4.2,8,Pink,XXL,Male,Bridal Angavastram for Wedding occasions.,"angavastram,pink"
101,Traditional Salwar Kameez,Salwar Kameez,Festive,Manyavar,3720,3.8,2,Orange,Free Size,Female,Comfortable salwar kameez set for festive celebrations. Embroidered detailing.,"salwar,kameez,orange"
102,Embroidered Kurti,Kurti,Festive,Myntra,3346,4.7,5,Magenta,XL,Female,Embroidered Kurti for Festive occasions.,"kurti,magenta"
103,Traditional Anarkali,Anarkali,Festive,Myntra,3788,4.0,5,Purple,Free Size,Female,Traditional Anarkali for Festive occasions.,"anarkali,purple"
104,Printed Light Saree,Light Saree,Festive,Meesho,2866,4.4,8,Green,XL,Female,Printed Light Saree for Festive occasions.,"light,saree,green"
105,Printed Salwar Kameez,Salwar Kameez,Festive,Myntra,3648,4.4,2,Red,Free Size,Female,Comfortable salwar kameez set for festive celebrations. Embroidered detailing.,"salwar,kameez,red"
106,Traditional Kurti,Kurti,Festive,Manyavar,4240,4.5,8,Orange,M,Female,Traditional Kurti for Festive occasions.,"kurti,orange"
107,Colorful Anarkali,Anarkali,Festive,Meesho,1060,4.3,6,Magenta,XS,Female,Colorful Anarkali for Festive occasions.,"anarkali,magenta"
108,Traditional Light Saree,Light Saree,Festive,Manyavar,3375,4.9,8,Pink,XL,Female,Traditional Light Saree for Festive occasions.,"light,saree,pink"
109,Colorful Salwar Kameez,Salwar Kameez,Festive,Myntra,3798,3.9,6,Red,S,Female,Comfortable salwar kameez set for festive celebrations. Embroidered detailing.,"salwar,kameez,red"
110,Vibrant Kurti,Kurti,Festive,Myntra,1540,4.3,6,Red,L,Female,Vibrant Kurti for Festive occasions.,"kurti,red"
111,Printed Anarkali,Anarkali,Festive,Amazon,1290,4.4,5,Yellow,Free Size,Female,Printed Anarkali for Festive occasions.,"anarkali,yellow"
112,Printed Light Saree,Light Saree,Festive,Myntra,1982,4.5,8,Red,Free Size,Female,Printed Light Saree for Festive occasions.,"light,saree,red"
113,Festive Salwar Kameez,Salwar Kameez,Festive,Meesho,2477,4.0,3,Green,XS,Female,Comfortable salwar kameez set for festive celebrations. Embroidered detailing.,"salwar,kameez,green"
114,Vibrant Kurti,Kurti,Festive,Manyavar,5414,4.7,7,Green,XL,Female,Vibrant Kurti for Festive occasions.,"kurti,green"
115,Embroidered Anarkali,Anarkali,Festive,Manyavar,5788,4.0,2,Red,L,Female,Embroidered Anarkali for Festive occasions.,"anarkali,red"
116,Vibrant Light Saree,Light Saree,Festive,Myntra,5254,4.3,4,Red,XS,Female,Vibrant Light Saree for Festive occasions.,"light,saree,red"
117,Embroidered Salwar Kameez,Salwar Kameez,Festive,Myntra,5712,4.7,5,Green,Free Size,Female,Comfortable salwar kameez set for festive celebrations. Embroidered detailing.,"salwar,kameez,green"
118,Vibrant Kurti,Kurti,Festive,Manyavar,2892,4.0,8,Pink,L,Female,Vibrant Kurti for Festive occasions.,"kurti,pink"
119,Colorful Anarkali,Anarkali,Festive,Amazon,5327,4.4,2,Yellow,S,Female,Colorful Anarkali for Festive occasions.,"anarkali,yellow"
120,Vibrant Light Saree,Light Saree,Festive,Manyavar,5924,4.5,6,Green,XXL,Female,Vibrant Light Saree for Festive occasions.,"light,saree,green"
121,Embroidered Salwar Kameez,Salwar Kameez,Festive,Myntra,1472,3.8,5,Purple,L,Female,Comfortable salwar kameez set for festive celebrations. Embroidered detailing.,"salwar,kameez,purple"
122,Embroidered Kurti,Kurti,Festive,Myntra,1635,4.7,8,Yellow,L,Female,Embroidered Kurti for Festive occasions.,"kurti,yellow"
123,Festive Anarkali,Anarkali,Festive,Myntra,1172,4.7,5,Pink,L,Female,Festive Anarkali for Festive occasions.,"anarkali,pink"
124,Embroidered Light Saree,Light Saree,Festive,Amazon,1297,4.2,6,Purple,XS,Female,Embroidered Light Saree for Festive occasions.,"light,saree,purple"
125,Festive Salwar Kameez,Salwar Kameez,Festive,Myntra,1722,4.4,6,Green,L,Female,Comfortable salwar kameez set for festive celebrations. Embroidered detailing.,"salwar,kameez,green"
126,Festive Kurti,Kurti,Festive,Manyavar,4641,3.9,2,Green,S,Female,Festive Kurti for Festive occasions.,"kurti,green"
127,Traditional Anarkali,Anarkali,Festive,Amazon,3842,4.7,7,Green,S,Female,Traditional Anarkali for Festive occasions.,"anarkali,green"
128,Traditional Light Saree,Light Saree,Festive,Myntra,4848,3.9,7,Orange,S,Female,Traditional Light Saree for Festive occasions.,"light,saree,orange"
129,Embroidered Salwar Kameez,Salwar Kameez,Festive,Meesho,1385,4.2,2,Yellow,M,Female,Comfortable salwar kameez set for festive celebrations. Embroidered detailing.,"salwar,kameez,yellow"
130,Festive Kurti,Kurti,Festive,Meesho,1374,4.2,3,Red,M,Female,Festive Kurti for Festive occasions.,"kurti,red"
131,Printed Anarkali,Anarkali,Festive,Amazon,3349,4.8,6,Orange,XL,Female,Printed Anarkali for Festive occasions.,"anarkali,orange"
132,Embroidered Light Saree,Light Saree,Festive,Manyavar,1322,4.6,2,Magenta,S,Female,Embroidered Light Saree for Festive occasions.,"light,saree,magenta"
133,Festive Salwar Kameez,Salwar Kameez,Festive,Manyavar,1576,4.6,7,Pink,XL,Female,Comfortable salwar kameez set for festive celebrations. Embroidered detailing.,"salwar,kameez,pink"
134,Vibrant Kurti,Kurti,Festive,Meesho,1973,3.8,7,Red,M,Female,Vibrant Kurti for Festive occasions.,"kurti,red"
135,Embroidered Anarkali,Anarkali,Festive,Amazon,5360,4.2,4,Turquoise,S,Female,Embroidered Anarkali for Festive occasions.,"anarkali,turquoise"
136,Traditional Light Saree,Light Saree,Festive,Manyavar,1625,4.2,2,Orange,XXL,Female,Traditional Light Saree for Festive occasions.,"light,saree,orange"
137,Vibrant Salwar Kameez,Salwar Kameez,Festive,Myntra,1507,4.9,5,Turquoise,XXL,Female,Comfortable salwar kameez set for festive celebrations. Embroidered detailing.,"salwar,kameez,turquoise"
138,Printed Kurti,Kurti,Festive,Manyavar,5560,4.9,8,Yellow,L,Female,Printed Kurti for Festive occasions.,"kurti,yellow"
139,Embroidered Anarkali,Anarkali,Festive,Manyavar,5935,4.5,4,Turquoise,Free Size,Female,Embroidered Anarkali for Festive occasions.,"anarkali,turquoise"
140,Printed Light Saree,Light Saree,Festive,Meesho,5985,4.1,6,Purple,M,Female,Printed Light Saree for Festive occasions.,"light,saree,purple"
141,Colorful Salwar Kameez,Salwar Kameez,Festive,Manyavar,3800,4.1,2,Turquoise,M,Female,Comfortable salwar kameez set for festive celebrations. Embroidered detailing.,"salwar,kameez,turquoise"
142,Colorful Kurti,Kurti,Festive,Myntra,4330,4.8,7,Purple,S,Female,Colorful Kurti for Festive occasions.,"kurti,purple"
143,Printed Anarkali,Anarkali,Festive,Manyavar,3991,4.4,2,Orange,XXL,Female,Printed Anarkali for Festive occasions.,"anarkali,orange"
144,Vibrant Light Saree,Light Saree,Festive,Myntra,5076,4.4,8,Magenta,XXL,Female,Vibrant Light Saree for Festive occasions.,"light,saree,magenta"
145,Traditional Salwar Kameez,Salwar Kameez,Festive,Myntra,2549,4.6,2,Yellow,XS,Female,Comfortable salwar kameez set for festive celebrations. Embroidered detailing.,"salwar,kameez,yellow"
146,Printed Kurti,Kurti,Festive,Myntra,4555,4.1,5,Turquoise,XXL,Female,Printed Kurti for Festive occasions.,"kurti,turquoise"
147,Embroidered Anarkali,Anarkali,Festive,Myntra,2371,4.1,5,Red,M,Female,Embroidered Anarkali for Festive occasions.,"anarkali,red"
148,Printed Light Saree,Light Saree,Festive,Meesho,1038,4.7,7,Yellow,S,Female,Printed Light Saree for Festive occasions.,"light,saree,yellow"
149,Printed Salwar Kameez,Salwar Kameez,Festive,Amazon,1529,4.7,7,Magenta,M,Female,Comfortable salwar kameez set for festive celebrations. Embroidered detailing.,"salwar,kameez,magenta"
150,Festive Kurti,Kurti,Festive,Meesho,2962,4.4,8,Red,L,Female,Festive Kurti for Festive occasions.,"kurti,red"
151,Vibrant Kurta Pajama,Kurta Pajama,Festive,Manyavar,1441,4.4,4,Orange,XL,Male,Vibrant Kurta Pajama for Festive occasions.,"kurta,pajama,orange"
152,Traditional Kurta,Kurta,Festive,Myntra,5350,4.4,7,Yellow,XXL,Male,Traditional Kurta for Festive occasions.,"kurta,yellow"
153,Colorful Pathani Suit,Pathani Suit,Festive,Manyavar,2691,4.3,4,Turquoise,L,Male,"Traditional Pathani suit, popular during Eid celebrations.","pathani,suit,turquoise"
154,Vibrant Nehru Jacket,Nehru Jacket,Festive,Meesho,4923,4.8,7,Turquoise,Free Size,Male,Vibrant Nehru Jacket for Festive occasions.,"nehru,jacket,turquoise"
155,Colorful Kurta Pajama,Kurta Pajama,Festive,Manyavar,5518,3.8,7,Yellow,Free Size,Male,Colorful Kurta Pajama for Festive occasions.,"kurta,pajama,yellow"
156,Printed Kurta,Kurta,Festive,Meesho,5574,4.8,5,Green,S,Male,Printed Kurta for Festive occasions.,"kurta,green"
157,Traditional Pathani Suit,Pathani Suit,Festive,Manyavar,5115,4.3,6,Magenta,XL,Male,"Traditional Pathani suit, popular during Eid celebrations.","pathani,suit,magenta"
158,Festive Nehru Jacket,Nehru Jacket,Festive,Manyavar,5698,4.3,3,Turquoise,XS,Male,Festive Nehru Jacket for Festive occasions.,"nehru,jacket,turquoise"
159,Colorful Kurta Pajama,Kurta Pajama,Festive,Amazon,4208,4.0,3,Purple,XXL,Male,Colorful Kurta Pajama for Festive occasions.,"kurta,pajama,purple"
160,Traditional Kurta,Kurta,Festive,Myntra,5384,4.0,2,Orange,XXL,Male,Traditional Kurta for Festive occasions.,"kurta,orange"
161,Colorful Pathani Suit,Pathani Suit,Festive,Meesho,1993,3.8,2,Turquoise,L,Male,"Traditional Pathani suit, popular during Eid celebrations.","pathani,suit,turquoise"
162,Colorful Nehru Jacket,Nehru Jacket,Festive,Meesho,3008,3.9,4,Green,XS,Male,Colorful Nehru Jacket for Festive occasions.,"nehru,jacket,green"
163,Traditional Kurta Pajama,Kurta Pajama,Festive,Amazon,3372,4.4,6,Purple,L,Male,Traditional Kurta Pajama for Festive occasions.,"kurta,pajama,purple"
164,Printed Kurta,Kurta,Festive,Myntra,2641,4.5,7,Green,M,Male,Printed Kurta for Festive occasions.,"kurta,green"
165,Printed Pathani Suit,Pathani Suit,Festive,Manyavar,5710,4.0,2,Green,L,Male,"Traditional Pathani suit, popular during Eid celebrations.","pathani,suit,green"
166,Printed Nehru Jacket,Nehru Jacket,Festive,Amazon,2093,4.0,6,Pink,XXL,Male,Printed Nehru Jacket for Festive occasions.,"nehru,jacket,pink"
167,Embroidered Kurta Pajama,Kurta Pajama,Festive,Myntra,5977,4.2,5,Green,M,Male,Embroidered Kurta Pajama for Festive occasions.,"kurta,pajama,green"
168,Colorful Kurta,Kurta,Festive,Manyavar,4397,4.6,5,Turquoise,Free Size,Male,Colorful Kurta for Festive occasions.,"kurta,turquoise"
169,Festive Pathani Suit,Pathani Suit,Festive,Manyavar,2351,4.8,6,Green,S,Male,"Traditional Pathani suit, popular during Eid celebrations.","pathani,suit,green"
170,Colorful Nehru Jacket,Nehru Jacket,Festive,Meesho,3428,4.8,6,Yellow,XXL,Male,Colorful Nehru Jacket for Festive occasions.,"nehru,jacket,yellow"
171,Traditional Kurta Pajama,Kurta Pajama,Festive,Meesho,3337,4.6,6,Purple,XXL,Male,Traditional Kurta Pajama for Festive occasions.,"kurta,pajama,purple"
172,Festive Kurta,Kurta,Festive,Meesho,803,4.8,2,Purple,XS,Male,Festive Kurta for Festive occasions.,"kurta,purple"
173,Embroidered Pathani Suit,Pathani Suit,Festive,Myntra,3527,4.4,4,Turquoise,L,Male,"Traditional Pathani suit, popular during Eid celebrations.","pathani,suit,turquoise"
174,Festive Nehru Jacket,Nehru Jacket,Festive,Meesho,1837,4.8,2,Yellow,XXL,Male,Festive Nehru Jacket for Festive occasions.,"nehru,jacket,yellow"
175,Embroidered Kurta Pajama,Kurta Pajama,Festive,Meesho,2848,4.8,4,Yellow,M,Male,Embroidered Kurta Pajama for Festive occasions.,"kurta,pajama,yellow"
176,Festive Kurta,Kurta,Festive,Meesho,1977,4.4,6,Purple,XL,Male,Festive Kurta for Festive occasions.,"kurta,purple"
177,Vibrant Pathani Suit,Pathani Suit,Festive,Meesho,3390,5.0,2,Red,XL,Male,"Traditional Pathani suit, popular during Eid celebrations.","pathani,suit,red"
178,Embroidered Nehru Jacket,Nehru Jacket,Festive,Meesho,3344,4.5,2,Green,L,Male,Embroidered Nehru Jacket for Festive occasions.,"nehru,jacket,green"
179,Printed Kurta Pajama,Kurta Pajama,Festive,Manyavar,3517,4.2,4,Green,Free Size,Male,Printed Kurta Pajama for Festive occasions.,"kurta,pajama,green"
180,Festive Kurta,Kurta,Festive,Amazon,2222,3.8,4,Pink,M,Male,Festive Kurta for Festive occasions.,"kurta,pink"
181,Colorful Pathani Suit,Pathani Suit,Festive,Myntra,4036,4.6,8,Red,Free Size,Male,"Traditional Pathani suit, popular during Eid celebrations.","pathani,suit,red"
182,Traditional Nehru Jacket,Nehru Jacket,Festive,Myntra,5547,4.0,2,Pink,S,Male,Traditional Nehru Jacket for Festive occasions.,"nehru,jacket,pink"
183,Embroidered Kurta Pajama,Kurta Pajama,Festive,Meesho,1079,4.6,4,Yellow,Free Size,Male,Embroidered Kurta Pajama for Festive occasions.,"kurta,pajama,yellow"
184,Colorful Kurta,Kurta,Festive,Meesho,2837,4.1,3,Yellow,XS,Male,Colorful Kurta for Festive occasions.,"kurta,yellow"
185,Traditional Pathani Suit,Pathani Suit,Festive,Manyavar,4220,4.9,6,Magenta,XL,Male,"Traditional Pathani suit, popular during Eid celebrations.","pathani,suit,magenta"
186,Printed Nehru Jacket,Nehru Jacket,Festive,Myntra,5789,4.1,8,Pink,S,Male,Printed Nehru Jacket for Festive occasions.,"nehru,jacket,pink"
187,Festive Kurta Pajama,Kurta Pajama,Festive,Manyavar,1270,3.9,2,Yellow,S,Male,Festive Kurta Pajama for Festive occasions.,"kurta,pajama,yellow"
188,Embroidered Kurta,Kurta,Festive,Meesho,5477,4.6,4,Turquoise,XXL,Male,Embroidered Kurta for Festive occasions.,"kurta,turquoise"
189,Traditional Pathani Suit,Pathani Suit,Festive,Amazon,1192,4.1,4,Red,XS,Male,"Traditional Pathani suit, popular during Eid celebrations.","pathani,suit,red"
190,Festive Nehru Jacket,Nehru Jacket,Festive,Meesho,4852,4.2,2,Green,Free Size,Male,Festive Nehru Jacket for Festive occasions.,"nehru,jacket,green"
191,Printed Kurta Pajama,Kurta Pajama,Festive,Meesho,1066,4.0,5,Orange,XS,Male,Printed Kurta Pajama for Festive occasions.,"kurta,pajama,orange"
192,Traditional Kurta,Kurta,Festive,Amazon,2776,4.8,3,Purple,S,Male,Traditional Kurta for Festive occasions.,"kurta,purple"
193,Embroidered Pathani Suit,Pathani Suit,Festive,Manyavar,1568,4.7,5,Magenta,S,Male,"Traditional Pathani suit, popular during Eid celebrations.","pathani,suit,magenta"
194,Traditional Nehru Jacket,Nehru Jacket,Festive,Manyavar,1167,4.2,7,Orange,XXL,Male,Traditional Nehru Jacket for Festive occasions.,"nehru,jacket,orange"
195,Embroidered Kurta Pajama,Kurta Pajama,Festive,Myntra,4142,4.5,5,Magenta,S,Male,Embroidered Kurta Pajama for Festive occasions.,"kurta,pajama,magenta"
196,Colorful Kurta,Kurta,Festive,Meesho,5973,4.8,4,Turquoise,L,Male,Colorful Kurta for Festive occasions.,"kurta,turquoise"
197,Colorful Pathani Suit,Pathani Suit,Festive,Amazon,4456,4.0,5,Magenta,XXL,Male,"Traditional Pathani suit, popular during Eid celebrations.","pathani,suit,magenta"
198,Festive Nehru Jacket,Nehru Jacket,Festive,Myntra,4967,3.9,2,Orange,Free Size,Male,Festive Nehru Jacket for Festive occasions.,"nehru,jacket,orange"
199,Vibrant Kurta Pajama,Kurta Pajama,Festive,Manyavar,3405,4.5,5,Turquoise,XS,Male,Vibrant Kurta Pajama for Festive occasions.,"kurta,pajama,turquoise"
200,Traditional Kurta,Kurta,Festive,Meesho,4696,4.8,2,Pink,Free Size,Male,Traditional Kurta for Festive occasions.,"kurta,pink"
201,Everyday Kurti,Kurti,Casual,Manyavar,1740,4.1,4,Mustard,XXL,Female,"Everyday cotton kurti, comfortable and breathable for daily wear.","kurti,mustard"
202,Everyday Salwar Kameez,Salwar Kameez,Casual,Meesho,2143,4.6,2,Mustard,XXL,Female,Everyday Salwar Kameez for Casual occasions.,"salwar,kameez,mustard"
203,Lightweight T-shirt,T-shirt,Casual,Manyavar,1773,3.9,3,Black,S,Female,Lightweight T-shirt for Casual occasions.,"t-shirt,black"
204,Comfortable Cotton Dress,Cotton Dress,Casual,Manyavar,586,4.5,5,Grey,L,Female,Comfortable Cotton Dress for Casual occasions.,"cotton,dress,grey"
205,Comfortable Kurti,Kurti,Casual,Meesho,2263,4.7,8,Mustard,XS,Female,"Everyday cotton kurti, comfortable and breathable for daily wear.","kurti,mustard"
206,Basic Salwar Kameez,Salwar Kameez,Casual,Amazon,2185,4.5,5,White,XL,Female,Basic Salwar Kameez for Casual occasions.,"salwar,kameez,white"
207,Lightweight T-shirt,T-shirt,Casual,Manyavar,2489,4.6,5,White,L,Female,Lightweight T-shirt for Casual occasions.,"t-shirt,white"
208,Relaxed Cotton Dress,Cotton Dress,Casual,Meesho,1495,4.9,7,Mustard,XXL,Female,Relaxed Cotton Dress for Casual occasions.,"cotton,dress,mustard"
209,Lightweight Kurti,Kurti,Casual,Myntra,742,4.0,6,Mustard,XL,Female,"Everyday cotton kurti, comfortable and breathable for daily wear.","kurti,mustard"
210,Lightweight Salwar Kameez,Salwar Kameez,Casual,Amazon,1203,4.2,5,White,M,Female,Lightweight Salwar Kameez for Casual occasions.,"salwar,kameez,white"
211,Lightweight T-shirt,T-shirt,Casual,Manyavar,610,4.1,4,Mustard,XS,Female,Lightweight T-shirt for Casual occasions.,"t-shirt,mustard"
212,Everyday Cotton Dress,Cotton Dress,Casual,Meesho,619,4.6,3,Navy,S,Female,Everyday Cotton Dress for Casual occasions.,"cotton,dress,navy"
213,Everyday Kurti,Kurti,Casual,Manyavar,1181,4.5,7,Navy,S,Female,"Everyday cotton kurti, comfortable and breathable for daily wear.","kurti,navy"
214,Comfortable Salwar Kameez,Salwar Kameez,Casual,Myntra,1891,4.5,6,Olive,L,Female,Comfortable Salwar Kameez for Casual occasions.,"salwar,kameez,olive"
215,Relaxed T-shirt,T-shirt,Casual,Manyavar,793,4.6,8,Olive,XXL,Female,Relaxed T-shirt for Casual occasions.,"t-shirt,olive"
216,Lightweight Cotton Dress,Cotton Dress,Casual,Amazon,888,4.8,2,Mustard,XXL,Female,Lightweight Cotton Dress for Casual occasions.,"cotton,dress,mustard"
217,Relaxed Kurti,Kurti,Casual,Meesho,1863,4.1,3,Navy,XS,Female,"Everyday cotton kurti, comfortable and breathable for daily wear.","kurti,navy"
218,Cotton Salwar Kameez,Salwar Kameez,Casual,Myntra,1210,5.0,5,Mustard,S,Female,Cotton Salwar Kameez for Casual occasions.,"salwar,kameez,mustard"
219,Comfortable T-shirt,T-shirt,Casual,Amazon,719,4.2,8,Mustard,XS,Female,Comfortable T-shirt for Casual occasions.,"t-shirt,mustard"
220,Lightweight Cotton Dress,Cotton Dress,Casual,Manyavar,914,3.9,2,Coral,M,Female,Lightweight Cotton Dress for Casual occasions.,"cotton,dress,coral"
221,Relaxed Kurti,Kurti,Casual,Myntra,702,4.4,3,White,XL,Female,"Everyday cotton kurti, comfortable and breathable for daily wear.","kurti,white"
222,Everyday Salwar Kameez,Salwar Kameez,Casual,Manyavar,971,4.4,5,Olive,XXL,Female,Everyday Salwar Kameez for Casual occasions.,"salwar,kameez,olive"
223,Comfortable T-shirt,T-shirt,Casual,Meesho,2472,4.4,3,Denim Blue,XL,Female,Comfortable T-shirt for Casual occasions.,"t-shirt,denim blue"
224,Everyday Cotton Dress,Cotton Dress,Casual,Meesho,2383,3.8,6,Black,S,Female,Everyday Cotton Dress for Casual occasions.,"cotton,dress,black"
225,Cotton Kurti,Kurti,Casual,Myntra,896,4.9,7,Olive,XXL,Female,"Everyday cotton kurti, comfortable and breathable for daily wear.","kurti,olive"
226,Basic Salwar Kameez,Salwar Kameez,Casual,Meesho,1320,4.8,3,Mustard,XXL,Female,Basic Salwar Kameez for Casual occasions.,"salwar,kameez,mustard"
227,Basic T-shirt,T-shirt,Casual,Meesho,697,4.2,5,Black,XL,Female,Basic T-shirt for Casual occasions.,"t-shirt,black"
228,Basic Cotton Dress,Cotton Dress,Casual,Myntra,1858,4.7,7,Navy,Free Size,Female,Basic Cotton Dress for Casual occasions.,"cotton,dress,navy"
229,Lightweight Kurti,Kurti,Casual,Meesho,1732,4.1,3,Coral,XL,Female,"Everyday cotton kurti, comfortable and breathable for daily wear.","kurti,coral"
230,Everyday Salwar Kameez,Salwar Kameez,Casual,Myntra,1222,4.6,8,Black,L,Female,Everyday Salwar Kameez for Casual occasions.,"salwar,kameez,black"
231,Relaxed T-shirt,T-shirt,Casual,Manyavar,1841,4.9,7,White,Free Size,Female,Relaxed T-shirt for Casual occasions.,"t-shirt,white"
232,Lightweight Cotton Dress,Cotton Dress,Casual,Meesho,1053,4.0,5,Mustard,XS,Female,Lightweight Cotton Dress for Casual occasions.,"cotton,dress,mustard"
233,Cotton Kurti,Kurti,Casual,Myntra,635,3.8,3,Black,XS,Female,"Everyday cotton kurti, comfortable and breathable for daily wear.","kurti,black"
234,Relaxed Salwar Kameez,Salwar Kameez,Casual,Amazon,1147,4.6,7,Olive,Free Size,Female,Relaxed Salwar Kameez for Casual occasions.,"salwar,kameez,olive"
235,Comfortable T-shirt,T-shirt,Casual,Amazon,1778,4.9,8,Coral,Free Size,Female,Comfortable T-shirt for Casual occasions.,"t-shirt,coral"
236,Relaxed Cotton Dress,Cotton Dress,Casual,Meesho,2059,4.9,8,Navy,S,Female,Relaxed Cotton Dress for Casual occasions.,"cotton,dress,navy"
237,Everyday Kurti,Kurti,Casual,Myntra,2299,4.0,8,White,S,Female,"Everyday cotton kurti, comfortable and breathable for daily wear.","kurti,white"
238,Comfortable Salwar Kameez,Salwar Kameez,Casual,Manyavar,584,4.3,6,Black,XL,Female,Comfortable Salwar Kameez for Casual occasions.,"salwar,kameez,black"
239,Comfortable T-shirt,T-shirt,Casual,Myntra,2139,4.2,3,Mustard,XXL,Female,Comfortable T-shirt for Casual occasions.,"t-shirt,mustard"
240,Everyday Cotton Dress,Cotton Dress,Casual,Amazon,1256,4.9,2,Grey,XS,Female,Everyday Cotton Dress for Casual occasions.,"cotton,dress,grey"
241,Everyday Kurti,Kurti,Casual,Manyavar,1613,4.8,6,Coral,Free Size,Female,"Everyday cotton kurti, comfortable and breathable for daily wear.","kurti,coral"
242,Relaxed Salwar Kameez,Salwar Kameez,Casual,Myntra,2213,4.9,5,Navy,S,Female,Relaxed Salwar Kameez for Casual occasions.,"salwar,kameez,navy"
243,Lightweight T-shirt,T-shirt,Casual,Myntra,1665,4.5,6,Mustard,S,Female,Lightweight T-shirt for Casual occasions.,"t-shirt,mustard"
244,Basic Cotton Dress,Cotton Dress,Casual,Myntra,583,4.6,6,Grey,XS,Female,Basic Cotton Dress for Casual occasions.,"cotton,dress,grey"
245,Comfortable Kurti,Kurti,Casual,Amazon,1826,3.9,4,Denim Blue,M,Female,"Everyday cotton kurti, comfortable and breathable for daily wear.","kurti,denim blue"
246,Cotton Salwar Kameez,Salwar Kameez,Casual,Myntra,1428,4.7,3,Denim Blue,XS,Female,Cotton Salwar Kameez for Casual occasions.,"salwar,kameez,denim blue"
247,Comfortable T-shirt,T-shirt,Casual,Amazon,1606,4.0,5,Navy,S,Female,Comfortable T-shirt for Casual occasions.,"t-shirt,navy"
248,Everyday Cotton Dress,Cotton Dress,Casual,Amazon,2403,4.8,7,Navy,XS,Female,Everyday Cotton Dress for Casual occasions.,"cotton,dress,navy"
249,Relaxed Kurti,Kurti,Casual,Manyavar,1565,4.8,6,Black,L,Female,"Everyday cotton kurti, comfortable and breathable for daily wear.","kurti,black"
250,Lightweight Salwar Kameez,Salwar Kameez,Casual,Amazon,1493,4.6,6,Grey,L,Female,Lightweight Salwar Kameez for Casual occasions.,"salwar,kameez,grey"
251,Comfortable T-shirt,T-shirt,Casual,Manyavar,1307,3.9,5,Mustard,Free Size,Male,Comfortable cotton t-shirt for daily casual wear.,"t-shirt,mustard"
252,Relaxed Casual Shirt,Casual Shirt,Casual,Amazon,1905,4.1,3,Denim Blue,S,Male,Relaxed Casual Shirt for Casual occasions.,"casual,shirt,denim blue"
253,Everyday Track Pants,Track Pants,Casual,Myntra,930,5.0,8,Navy,XXL,Male,Everyday Track Pants for Casual occasions.,"track,pants,navy"
254,Relaxed Joggers,Joggers,Casual,Myntra,1056,4.2,3,Black,Free Size,Male,Relaxed Joggers for Casual occasions.,"joggers,black"
255,Comfortable T-shirt,T-shirt,Casual,Meesho,963,4.1,7,Black,M,Male,Comfortable cotton t-shirt for daily casual wear.,"t-shirt,black"
256,Relaxed Casual Shirt,Casual Shirt,Casual,Amazon,1154,4.3,3,Mustard,XS,Male,Relaxed Casual Shirt for Casual occasions.,"casual,shirt,mustard"
257,Basic Track Pants,Track Pants,Casual,Manyavar,1804,4.0,6,Olive,Free Size,Male,Basic Track Pants for Casual occasions.,"track,pants,olive"
258,Relaxed Joggers,Joggers,Casual,Myntra,551,4.2,4,Navy,S,Male,Relaxed Joggers for Casual occasions.,"joggers,navy"
259,Cotton T-shirt,T-shirt,Casual,Myntra,2005,3.9,4,Olive,L,Male,Comfortable cotton t-shirt for daily casual wear.,"t-shirt,olive"
260,Basic Casual Shirt,Casual Shirt,Casual,Manyavar,968,4.7,5,Grey,M,Male,Basic Casual Shirt for Casual occasions.,"casual,shirt,grey"
261,Relaxed Track Pants,Track Pants,Casual,Myntra,824,4.8,3,Denim Blue,XS,Male,Relaxed Track Pants for Casual occasions.,"track,pants,denim blue"
262,Relaxed Joggers,Joggers,Casual,Meesho,615,4.9,5,Grey,L,Male,Relaxed Joggers for Casual occasions.,"joggers,grey"
263,Cotton T-shirt,T-shirt,Casual,Meesho,1716,4.9,6,Navy,S,Male,Comfortable cotton t-shirt for daily casual wear.,"t-shirt,navy"
264,Comfortable Casual Shirt,Casual Shirt,Casual,Amazon,2044,4.3,7,White,XL,Male,Comfortable Casual Shirt for Casual occasions.,"casual,shirt,white"
265,Comfortable Track Pants,Track Pants,Casual,Meesho,735,4.4,8,White,L,Male,Comfortable Track Pants for Casual occasions.,"track,pants,white"
266,Lightweight Joggers,Joggers,Casual,Amazon,2462,4.6,2,Mustard,L,Male,Lightweight Joggers for Casual occasions.,"joggers,mustard"
267,Lightweight T-shirt,T-shirt,Casual,Myntra,1246,4.9,7,Coral,M,Male,Comfortable cotton t-shirt for daily casual wear.,"t-shirt,coral"
268,Comfortable Casual Shirt,Casual Shirt,Casual,Amazon,2011,4.9,2,Coral,XXL,Male,Comfortable Casual Shirt for Casual occasions.,"casual,shirt,coral"
269,Cotton Track Pants,Track Pants,Casual,Manyavar,506,4.4,8,Black,S,Male,Cotton Track Pants for Casual occasions.,"track,pants,black"
270,Everyday Joggers,Joggers,Casual,Meesho,1811,4.4,2,Denim Blue,L,Male,Everyday Joggers for Casual occasions.,"joggers,denim blue"
271,Lightweight T-shirt,T-shirt,Casual,Manyavar,1185,4.9,2,Olive,Free Size,Male,Comfortable cotton t-shirt for daily casual wear.,"t-shirt,olive"
272,Comfortable Casual Shirt,Casual Shirt,Casual,Myntra,1717,3.9,8,Navy,XL,Male,Comfortable Casual Shirt for Casual occasions.,"casual,shirt,navy"
273,Comfortable Track Pants,Track Pants,Casual,Myntra,1070,3.8,3,Olive,XL,Male,Comfortable Track Pants for Casual occasions.,"track,pants,olive"
274,Everyday Joggers,Joggers,Casual,Myntra,1936,4.1,7,Grey,S,Male,Everyday Joggers for Casual occasions.,"joggers,grey"
275,Everyday T-shirt,T-shirt,Casual,Amazon,697,4.0,8,Olive,XS,Male,Comfortable cotton t-shirt for daily casual wear.,"t-shirt,olive"
276,Relaxed Casual Shirt,Casual Shirt,Casual,Amazon,2315,4.8,6,Denim Blue,S,Male,Relaxed Casual Shirt for Casual occasions.,"casual,shirt,denim blue"
277,Comfortable Track Pants,Track Pants,Casual,Amazon,703,4.4,5,Mustard,Free Size,Male,Comfortable Track Pants for Casual occasions.,"track,pants,mustard"
278,Lightweight Joggers,Joggers,Casual,Myntra,2219,4.9,8,Denim Blue,M,Male,Lightweight Joggers for Casual occasions.,"joggers,denim blue"
279,Cotton T-shirt,T-shirt,Casual,Manyavar,1988,4.0,6,Navy,XS,Male,Comfortable cotton t-shirt for daily casual wear.,"t-shirt,navy"
280,Basic Casual Shirt,Casual Shirt,Casual,Meesho,943,4.8,3,Mustard,XS,Male,Basic Casual Shirt for Casual occasions.,"casual,shirt,mustard"
281,Comfortable Track Pants,Track Pants,Casual,Myntra,618,4.8,5,Coral,S,Male,Comfortable Track Pants for Casual occasions.,"track,pants,coral"
282,Everyday Joggers,Joggers,Casual,Amazon,665,4.9,5,Mustard,XXL,Male,Everyday Joggers for Casual occasions.,"joggers,mustard"
283,Comfortable T-shirt,T-shirt,Casual,Myntra,2447,4.4,6,Black,XXL,Male,Comfortable cotton t-shirt for daily casual wear.,"t-shirt,black"
284,Cotton Casual Shirt,Casual Shirt,Casual,Meesho,2061,4.5,3,Mustard,XS,Male,Cotton Casual Shirt for Casual occasions.,"casual,shirt,mustard"
285,Cotton Track Pants,Track Pants,Casual,Meesho,913,4.9,7,Black,XXL,Male,Cotton Track Pants for Casual occasions.,"track,pants,black"
286,Cotton Joggers,Joggers,Casual,Manyavar,2319,4.1,6,Black,XS,Male,Cotton Joggers for Casual occasions.,"joggers,black"
287,Relaxed T-shirt,T-shirt,Casual,Manyavar,2130,4.9,3,Black,L,Male,Comfortable cotton t-shirt for daily casual wear.,"t-shirt,black"
288,Everyday Casual Shirt,Casual Shirt,Casual,Myntra,651,4.6,5,Mustard,XL,Male,Everyday Casual Shirt for Casual occasions.,"casual,shirt,mustard"
289,Comfortable Track Pants,Track Pants,Casual,Myntra,2354,4.4,4,Olive,L,Male,Comfortable Track Pants for Casual occasions.,"track,pants,olive"
290,Everyday Joggers,Joggers,Casual,Amazon,1282,4.1,7,Coral,S,Male,Everyday Joggers for Casual occasions.,"joggers,coral"
291,Comfortable T-shirt,T-shirt,Casual,Manyavar,1581,4.7,6,Navy,Free Size,Male,Comfortable cotton t-shirt for daily casual wear.,"t-shirt,navy"
292,Cotton Casual Shirt,Casual Shirt,Casual,Meesho,1816,3.9,8,Black,XXL,Male,Cotton Casual Shirt for Casual occasions.,"casual,shirt,black"
293,Relaxed Track Pants,Track Pants,Casual,Meesho,1811,4.7,7,Navy,XS,Male,Relaxed Track Pants for Casual occasions.,"track,pants,navy"
294,Relaxed Joggers,Joggers,Casual,Manyavar,2439,4.1,5,Grey,S,Male,Relaxed Joggers for Casual occasions.,"joggers,grey"
295,Everyday T-shirt,T-shirt,Casual,Meesho,1641,4.3,8,Navy,XL,Male,Comfortable cotton t-shirt for daily casual wear.,"t-shirt,navy"
296,Comfortable Casual Shirt,Casual Shirt,Casual,Meesho,975,4.9,8,Grey,M,Male,Comfortable Casual Shirt for Casual occasions.,"casual,shirt,grey"
297,Basic Track Pants,Track Pants,Casual,Amazon,1901,4.2,6,Grey,XS,Male,Basic Track Pants for Casual occasions.,"track,pants,grey"
298,Cotton Joggers,Joggers,Casual,Manyavar,1486,4.1,8,White,XL,Male,Cotton Joggers for Casual occasions.,"joggers,white"
299,Comfortable T-shirt,T-shirt,Casual,Amazon,723,4.8,6,Mustard,S,Male,Comfortable cotton t-shirt for daily casual wear.,"t-shirt,mustard"
300,Comfortable Casual Shirt,Casual Shirt,Casual,Manyavar,2454,4.2,5,Olive,Free Size,Male,Comfortable Casual Shirt for Casual occasions.,"casual,shirt,olive"
301,Structured Formal Kurti,Formal Kurti,Office,Myntra,2275,4.3,7,Grey,XS,Female,Professional formal kurti suitable for office environments.,"formal,kurti,grey"
302,Professional Saree,Saree,Office,Myntra,671,4.6,5,Charcoal,XS,Female,Professional Saree for Office occasions.,"saree,charcoal"
303,Professional Shirt,Shirt,Office,Manyavar,598,4.6,6,Light Blue,S,Female,Professional Shirt for Office occasions.,"shirt,light blue"
304,Crisp Blazer,Blazer,Office,Meesho,3240,4.4,6,Cream,XS,Female,Crisp Blazer for Office occasions.,"blazer,cream"
305,Structured Formal Trousers,Formal Trousers,Office,Amazon,4140,4.5,2,Charcoal,M,Female,Structured Formal Trousers for Office occasions.,"formal,trousers,charcoal"
306,Crisp Formal Kurti,Formal Kurti,Office,Manyavar,2530,4.3,7,Cream,Free Size,Female,Professional formal kurti suitable for office environments.,"formal,kurti,cream"
307,Structured Saree,Saree,Office,Amazon,2509,4.0,7,Light Blue,XXL,Female,Structured Saree for Office occasions.,"saree,light blue"
308,Crisp Shirt,Shirt,Office,Myntra,976,4.5,6,Grey,L,Female,Crisp Shirt for Office occasions.,"shirt,grey"
309,Tailored Blazer,Blazer,Office,Meesho,3258,5.0,4,Black,M,Female,Tailored Blazer for Office occasions.,"blazer,black"
310,Formal Formal Trousers,Formal Trousers,Office,Manyavar,1609,4.6,2,Grey,XXL,Female,Formal Formal Trousers for Office occasions.,"formal,trousers,grey"
311,Crisp Formal Kurti,Formal Kurti,Office,Amazon,1395,4.3,7,Light Blue,Free Size,Female,Professional formal kurti suitable for office environments.,"formal,kurti,light blue"
312,Classic Saree,Saree,Office,Amazon,4070,4.2,6,Navy,XS,Female,Classic Saree for Office occasions.,"saree,navy"
313,Classic Shirt,Shirt,Office,Myntra,1734,4.7,4,Navy,L,Female,Classic Shirt for Office occasions.,"shirt,navy"
314,Crisp Blazer,Blazer,Office,Amazon,3474,4.6,6,Light Blue,Free Size,Female,Crisp Blazer for Office occasions.,"blazer,light blue"
315,Tailored Formal Trousers,Formal Trousers,Office,Myntra,3062,4.4,7,Cream,XS,Female,Tailored Formal Trousers for Office occasions.,"formal,trousers,cream"
316,Classic Formal Kurti,Formal Kurti,Office,Myntra,886,4.1,8,Black,XS,Female,Professional formal kurti suitable for office environments.,"formal,kurti,black"
317,Tailored Saree,Saree,Office,Manyavar,1273,4.4,4,White,XS,Female,Tailored Saree for Office occasions.,"saree,white"
318,Professional Shirt,Shirt,Office,Manyavar,1416,4.2,4,Grey,L,Female,Professional Shirt for Office occasions.,"shirt,grey"
319,Formal Blazer,Blazer,Office,Myntra,1182,4.0,2,Beige,XS,Female,Formal Blazer for Office occasions.,"blazer,beige"
320,Crisp Formal Trousers,Formal Trousers,Office,Myntra,3964,4.8,5,Beige,XS,Female,Crisp Formal Trousers for Office occasions.,"formal,trousers,beige"
321,Structured Formal Kurti,Formal Kurti,Office,Meesho,2366,4.0,4,Beige,XS,Female,Professional formal kurti suitable for office environments.,"formal,kurti,beige"
322,Crisp Saree,Saree,Office,Meesho,4223,4.2,6,Navy,XXL,Female,Crisp Saree for Office occasions.,"saree,navy"
323,Structured Shirt,Shirt,Office,Manyavar,1337,4.9,6,Light Blue,M,Female,Structured Shirt for Office occasions.,"shirt,light blue"
324,Structured Blazer,Blazer,Office,Meesho,3555,5.0,4,Cream,M,Female,Structured Blazer for Office occasions.,"blazer,cream"
325,Classic Formal Trousers,Formal Trousers,Office,Meesho,3019,4.7,2,White,Free Size,Female,Classic Formal Trousers for Office occasions.,"formal,trousers,white"
326,Classic Formal Kurti,Formal Kurti,Office,Manyavar,2694,4.9,3,Grey,S,Female,Professional formal kurti suitable for office environments.,"formal,kurti,grey"
327,Crisp Saree,Saree,Office,Myntra,674,4.9,5,Cream,M,Female,Crisp Saree for Office occasions.,"saree,cream"
328,Crisp Shirt,Shirt,Office,Amazon,1137,3.8,2,Cream,M,Female,Crisp Shirt for Office occasions.,"shirt,cream"
329,Professional Blazer,Blazer,Office,Manyavar,2469,4.5,7,Light Blue,XXL,Female,Professional Blazer for Office occasions.,"blazer,light blue"
330,Classic Formal Trousers,Formal Trousers,Office,Meesho,886,4.1,4,Beige,XS,Female,Classic Formal Trousers for Office occasions.,"formal,trousers,beige"
331,Formal Formal Kurti,Formal Kurti,Office,Manyavar,779,4.2,6,Charcoal,XL,Female,Professional formal kurti suitable for office environments.,"formal,kurti,charcoal"
332,Formal Saree,Saree,Office,Amazon,3744,4.8,8,Grey,Free Size,Female,Formal Saree for Office occasions.,"saree,grey"
333,Crisp Shirt,Shirt,Office,Myntra,3572,4.3,3,Beige,M,Female,Crisp Shirt for Office occasions.,"shirt,beige"
334,Formal Blazer,Blazer,Office,Myntra,4687,4.2,8,Beige,Free Size,Female,Formal Blazer for Office occasions.,"blazer,beige"
335,Professional Formal Trousers,Formal Trousers,Office,Amazon,3532,4.6,7,Beige,Free Size,Female,Professional Formal Trousers for Office occasions.,"formal,trousers,beige"
336,Tailored Formal Kurti,Formal Kurti,Office,Meesho,1618,3.9,6,Cream,S,Female,Professional formal kurti suitable for office environments.,"formal,kurti,cream"
337,Crisp Saree,Saree,Office,Amazon,1502,4.7,3,Cream,S,Female,Crisp Saree for Office occasions.,"saree,cream"
338,Professional Shirt,Shirt,Office,Amazon,3117,3.8,4,Charcoal,S,Female,Professional Shirt for Office occasions.,"shirt,charcoal"
339,Classic Blazer,Blazer,Office,Manyavar,4859,4.1,2,Light Blue,XS,Female,Classic Blazer for Office occasions.,"blazer,light blue"
340,Professional Formal Trousers,Formal Trousers,Office,Myntra,804,4.9,8,Navy,S,Female,Professional Formal Trousers for Office occasions.,"formal,trousers,navy"
341,Tailored Formal Kurti,Formal Kurti,Office,Meesho,4297,4.4,7,Grey,Free Size,Female,Professional formal kurti suitable for office environments.,"formal,kurti,grey"
342,Classic Saree,Saree,Office,Manyavar,635,4.3,8,Grey,M,Female,Classic Saree for Office occasions.,"saree,grey"
343,Classic Shirt,Shirt,Office,Meesho,2370,4.0,8,Charcoal,L,Female,Classic Shirt for Office occasions.,"shirt,charcoal"
344,Structured Blazer,Blazer,Office,Manyavar,4873,4.8,5,Charcoal,S,Female,Structured Blazer for Office occasions.,"blazer,charcoal"
345,Tailored Formal Trousers,Formal Trousers,Office,Meesho,4901,3.9,2,White,XS,Female,Tailored Formal Trousers for Office occasions.,"formal,trousers,white"
346,Professional Formal Kurti,Formal Kurti,Office,Amazon,4757,4.9,6,Beige,XS,Female,Professional formal kurti suitable for office environments.,"formal,kurti,beige"
347,Formal Saree,Saree,Office,Manyavar,4543,4.4,4,Charcoal,XL,Female,Formal Saree for Office occasions.,"saree,charcoal"
348,Tailored Shirt,Shirt,Office,Myntra,1847,4.5,3,White,XS,Female,Tailored Shirt for Office occasions.,"shirt,white"
349,Structured Blazer,Blazer,Office,Manyavar,2439,5.0,2,Grey,XS,Female,Structured Blazer for Office occasions.,"blazer,grey"
350,Crisp Formal Trousers,Formal Trousers,Office,Myntra,1170,4.5,5,Charcoal,XL,Female,Crisp Formal Trousers for Office occasions.,"formal,trousers,charcoal"
351,Crisp Shirt,Shirt,Office,Manyavar,1907,4.3,6,Cream,XL,Male,Crisp formal shirt for office and professional settings.,"shirt,cream"
352,Professional Formal Suit,Formal Suit,Office,Amazon,4678,3.9,3,Charcoal,XL,Male,Professional Formal Suit for Office occasions.,"formal,suit,charcoal"
353,Tailored Blazer,Blazer,Office,Myntra,4297,4.2,2,Black,XS,Male,Tailored Blazer for Office occasions.,"blazer,black"
354,Crisp Formal Trousers,Formal Trousers,Office,Amazon,689,4.6,3,Charcoal,M,Male,Crisp Formal Trousers for Office occasions.,"formal,trousers,charcoal"
355,Tailored Shirt,Shirt,Office,Amazon,2299,4.2,5,Charcoal,XXL,Male,Crisp formal shirt for office and professional settings.,"shirt,charcoal"
356,Professional Formal Suit,Formal Suit,Office,Manyavar,2819,4.1,5,Grey,XS,Male,Professional Formal Suit for Office occasions.,"formal,suit,grey"
357,Crisp Blazer,Blazer,Office,Amazon,2485,4.4,7,Black,Free Size,Male,Crisp Blazer for Office occasions.,"blazer,black"
358,Classic Formal Trousers,Formal Trousers,Office,Myntra,2311,4.7,4,Black,S,Male,Classic Formal Trousers for Office occasions.,"formal,trousers,black"
359,Crisp Shirt,Shirt,Office,Amazon,1266,4.4,3,Cream,Free Size,Male,Crisp formal shirt for office and professional settings.,"shirt,cream"
360,Tailored Formal Suit,Formal Suit,Office,Meesho,2689,4.5,5,Cream,M,Male,Tailored Formal Suit for Office occasions.,"formal,suit,cream"
361,Structured Blazer,Blazer,Office,Amazon,4989,4.9,6,White,XS,Male,Structured Blazer for Office occasions.,"blazer,white"
362,Tailored Formal Trousers,Formal Trousers,Office,Manyavar,3010,4.5,7,Black,XS,Male,Tailored Formal Trousers for Office occasions.,"formal,trousers,black"
363,Tailored Shirt,Shirt,Office,Myntra,1200,3.9,4,Navy,S,Male,Crisp formal shirt for office and professional settings.,"shirt,navy"
364,Formal Formal Suit,Formal Suit,Office,Manyavar,2812,4.5,8,Navy,XXL,Male,Formal Formal Suit for Office occasions.,"formal,suit,navy"
365,Classic Blazer,Blazer,Office,Myntra,4918,4.0,6,Navy,XL,Male,Classic Blazer for Office occasions.,"blazer,navy"
366,Structured Formal Trousers,Formal Trousers,Office,Myntra,1747,4.1,8,Beige,S,Male,Structured Formal Trousers for Office occasions.,"formal,trousers,beige"
367,Structured Shirt,Shirt,Office,Amazon,1469,4.6,5,Charcoal,S,Male,Crisp formal shirt for office and professional settings.,"shirt,charcoal"
368,Structured Formal Suit,Formal Suit,Office,Manyavar,3726,4.3,3,Charcoal,S,Male,Structured Formal Suit for Office occasions.,"formal,suit,charcoal"
369,Classic Blazer,Blazer,Office,Amazon,3842,4.1,5,Cream,Free Size,Male,Classic Blazer for Office occasions.,"blazer,cream"
370,Professional Formal Trousers,Formal Trousers,Office,Myntra,4002,4.7,3,Light Blue,Free Size,Male,Professional Formal Trousers for Office occasions.,"formal,trousers,light blue"
371,Crisp Shirt,Shirt,Office,Meesho,549,4.6,2,Charcoal,XS,Male,Crisp formal shirt for office and professional settings.,"shirt,charcoal"
372,Classic Formal Suit,Formal Suit,Office,Amazon,1847,4.2,6,Grey,XL,Male,Classic Formal Suit for Office occasions.,"formal,suit,grey"
373,Structured Blazer,Blazer,Office,Manyavar,4376,4.7,8,White,XS,Male,Structured Blazer for Office occasions.,"blazer,white"
374,Tailored Formal Trousers,Formal Trousers,Office,Myntra,1960,4.6,8,Light Blue,S,Male,Tailored Formal Trousers for Office occasions.,"formal,trousers,light blue"
375,Professional Shirt,Shirt,Office,Meesho,2702,4.9,3,Black,L,Male,Crisp formal shirt for office and professional settings.,"shirt,black"
376,Crisp Formal Suit,Formal Suit,Office,Meesho,1986,4.2,5,Light Blue,L,Male,Crisp Formal Suit for Office occasions.,"formal,suit,light blue"
377,Classic Blazer,Blazer,Office,Amazon,2534,4.7,4,Light Blue,Free Size,Male,Classic Blazer for Office occasions.,"blazer,light blue"
378,Crisp Formal Trousers,Formal Trousers,Office,Myntra,3400,4.3,3,Charcoal,XS,Male,Crisp Formal Trousers for Office occasions.,"formal,trousers,charcoal"
379,Tailored Shirt,Shirt,Office,Amazon,2784,4.3,6,White,S,Male,Crisp formal shirt for office and professional settings.,"shirt,white"
380,Structured Formal Suit,Formal Suit,Office,Amazon,2743,3.9,5,Charcoal,XS,Male,Structured Formal Suit for Office occasions.,"formal,suit,charcoal"
381,Formal Blazer,Blazer,Office,Meesho,2831,3.8,8,Grey,S,Male,Formal Blazer for Office occasions.,"blazer,grey"
382,Tailored Formal Trousers,Formal Trousers,Office,Amazon,2749,5.0,7,Navy,XXL,Male,Tailored Formal Trousers for Office occasions.,"formal,trousers,navy"
383,Crisp Shirt,Shirt,Office,Amazon,917,4.1,4,White,XL,Male,Crisp formal shirt for office and professional settings.,"shirt,white"
384,Professional Formal Suit,Formal Suit,Office,Myntra,844,4.6,3,Charcoal,S,Male,Professional Formal Suit for Office occasions.,"formal,suit,charcoal"
385,Structured Blazer,Blazer,Office,Myntra,3066,4.1,3,Black,XXL,Male,Structured Blazer for Office occasions.,"blazer,black"
386,Tailored Formal Trousers,Formal Trousers,Office,Amazon,2696,4.2,6,Cream,M,Male,Tailored Formal Trousers for Office occasions.,"formal,trousers,cream"
387,Formal Shirt,Shirt,Office,Myntra,2883,4.1,3,Navy,Free Size,Male,Crisp formal shirt for office and professional settings.,"shirt,navy"
388,Professional Formal Suit,Formal Suit,Office,Amazon,2021,4.7,2,White,Free Size,Male,Professional Formal Suit for Office occasions.,"formal,suit,white"
389,Tailored Blazer,Blazer,Office,Meesho,3653,4.7,8,Navy,M,Male,Tailored Blazer for Office occasions.,"blazer,navy"
390,Structured Formal Trousers,Formal Trousers,Office,Myntra,620,4.9,5,Cream,XXL,Male,Structured Formal Trousers for Office occasions.,"formal,trousers,cream"
391,Structured Shirt,Shirt,Office,Amazon,2151,4.5,4,Light Blue,XS,Male,Crisp formal shirt for office and professional settings.,"shirt,light blue"
392,Structured Formal Suit,Formal Suit,Office,Amazon,4432,4.5,8,Cream,XXL,Male,Structured Formal Suit for Office occasions.,"formal,suit,cream"
393,Formal Blazer,Blazer,Office,Meesho,2122,3.8,6,Light Blue,Free Size,Male,Formal Blazer for Office occasions.,"blazer,light blue"
394,Classic Formal Trousers,Formal Trousers,Office,Amazon,2740,4.6,5,White,M,Male,Classic Formal Trousers for Office occasions.,"formal,trousers,white"
395,Structured Shirt,Shirt,Office,Meesho,4732,4.2,7,Navy,M,Male,Crisp formal shirt for office and professional settings.,"shirt,navy"
396,Professional Formal Suit,Formal Suit,Office,Myntra,613,4.2,2,Light Blue,L,Male,Professional Formal Suit for Office occasions.,"formal,suit,light blue"
397,Structured Blazer,Blazer,Office,Amazon,3745,4.8,7,Navy,Free Size,Male,Structured Blazer for Office occasions.,"blazer,navy"
398,Classic Formal Trousers,Formal Trousers,Office,Myntra,3346,3.9,4,Navy,XXL,Male,Classic Formal Trousers for Office occasions.,"formal,trousers,navy"
399,Crisp Shirt,Shirt,Office,Manyavar,1252,4.5,4,White,XL,Male,Crisp formal shirt for office and professional settings.,"shirt,white"
400,Classic Formal Suit,Formal Suit,Office,Myntra,3842,4.0,3,Charcoal,XL,Male,Classic Formal Suit for Office occasions.,"formal,suit,charcoal"
401,Smart Kurti,Kurti,College,Amazon,1252,4.6,8,Sky Blue,M,Female,Trendy kurti to pair with jeans for college.,"kurti,sky blue"
402,Smart Top,Top,College,Amazon,1219,4.3,6,Black,XL,Female,Smart Top for College occasions.,"top,black"
403,Stylish Oversized Shirt,Oversized Shirt,College,Meesho,1556,4.5,8,White,XXL,Female,Stylish Oversized Shirt for College occasions.,"oversized,shirt,white"
404,Comfortable T-shirt,T-shirt,College,Amazon,994,3.9,8,Coral,S,Female,Comfortable T-shirt for College occasions.,"t-shirt,coral"
405,Smart Jeans,Jeans,College,Myntra,963,3.9,2,Grey,Free Size,Female,Smart Jeans for College occasions.,"jeans,grey"
406,Oversized Kurti,Kurti,College,Meesho,937,4.3,8,Sky Blue,Free Size,Female,Trendy kurti to pair with jeans for college.,"kurti,sky blue"
407,Trendy Top,Top,College,Meesho,1844,4.7,5,Coral,XL,Female,Trendy Top for College occasions.,"top,coral"
408,Casual Oversized Shirt,Oversized Shirt,College,Meesho,1178,4.3,3,Coral,XS,Female,Casual Oversized Shirt for College occasions.,"oversized,shirt,coral"
409,Comfortable T-shirt,T-shirt,College,Amazon,1330,4.3,4,White,M,Female,Comfortable T-shirt for College occasions.,"t-shirt,white"
410,Smart Jeans,Jeans,College,Myntra,1171,4.2,3,Coral,XXL,Female,Smart Jeans for College occasions.,"jeans,coral"
411,Stylish Kurti,Kurti,College,Amazon,1282,4.8,8,White,XL,Female,Trendy kurti to pair with jeans for college.,"kurti,white"
412,Oversized Top,Top,College,Manyavar,406,5.0,4,Black,XS,Female,Oversized Top for College occasions.,"top,black"
413,Comfortable Oversized Shirt,Oversized Shirt,College,Myntra,1664,4.7,2,Mustard,XXL,Female,Comfortable Oversized Shirt for College occasions.,"oversized,shirt,mustard"
414,Comfortable T-shirt,T-shirt,College,Meesho,1675,4.1,7,Mustard,S,Female,Comfortable T-shirt for College occasions.,"t-shirt,mustard"
415,Comfortable Jeans,Jeans,College,Myntra,1154,4.1,7,Grey,XXL,Female,Comfortable Jeans for College occasions.,"jeans,grey"
416,Casual Kurti,Kurti,College,Myntra,684,4.3,3,Navy,XS,Female,Trendy kurti to pair with jeans for college.,"kurti,navy"
417,Trendy Top,Top,College,Myntra,1945,3.8,6,Coral,S,Female,Trendy Top for College occasions.,"top,coral"
418,Smart Oversized Shirt,Oversized Shirt,College,Manyavar,1665,4.7,2,Grey,XL,Female,Smart Oversized Shirt for College occasions.,"oversized,shirt,grey"
419,Oversized T-shirt,T-shirt,College,Manyavar,1083,4.5,7,White,L,Female,Oversized T-shirt for College occasions.,"t-shirt,white"
420,Smart Jeans,Jeans,College,Manyavar,925,4.9,8,Olive,S,Female,Smart Jeans for College occasions.,"jeans,olive"
421,Comfortable Kurti,Kurti,College,Manyavar,1213,3.9,6,White,Free Size,Female,Trendy kurti to pair with jeans for college.,"kurti,white"
422,Trendy Top,Top,College,Manyavar,1343,4.8,6,Black,L,Female,Trendy Top for College occasions.,"top,black"
423,Casual Oversized Shirt,Oversized Shirt,College,Myntra,1892,4.2,3,Coral,L,Female,Casual Oversized Shirt for College occasions.,"oversized,shirt,coral"
424,Stylish T-shirt,T-shirt,College,Myntra,1882,4.7,8,White,L,Female,Stylish T-shirt for College occasions.,"t-shirt,white"
425,Trendy Jeans,Jeans,College,Myntra,1118,4.2,2,Mustard,XS,Female,Trendy Jeans for College occasions.,"jeans,mustard"
426,Oversized Kurti,Kurti,College,Meesho,761,4.3,7,Mustard,L,Female,Trendy kurti to pair with jeans for college.,"kurti,mustard"
427,Comfortable Top,Top,College,Amazon,636,4.4,7,Grey,M,Female,Comfortable Top for College occasions.,"top,grey"
428,Trendy Oversized Shirt,Oversized Shirt,College,Myntra,601,4.2,2,Olive,XXL,Female,Trendy Oversized Shirt for College occasions.,"oversized,shirt,olive"
429,Oversized T-shirt,T-shirt,College,Myntra,509,4.9,8,Mustard,L,Female,Oversized T-shirt for College occasions.,"t-shirt,mustard"
430,Oversized Jeans,Jeans,College,Manyavar,1230,4.1,7,Sky Blue,XL,Female,Oversized Jeans for College occasions.,"jeans,sky blue"
431,Stylish Kurti,Kurti,College,Amazon,1309,4.5,6,Navy,Free Size,Female,Trendy kurti to pair with jeans for college.,"kurti,navy"
432,Smart Top,Top,College,Myntra,1773,4.8,8,Sky Blue,M,Female,Smart Top for College occasions.,"top,sky blue"
433,Smart Oversized Shirt,Oversized Shirt,College,Amazon,1561,4.2,7,White,XL,Female,Smart Oversized Shirt for College occasions.,"oversized,shirt,white"
434,Trendy T-shirt,T-shirt,College,Amazon,1774,3.9,4,Grey,L,Female,Trendy T-shirt for College occasions.,"t-shirt,grey"
435,Casual Jeans,Jeans,College,Manyavar,1270,4.1,7,White,XS,Female,Casual Jeans for College occasions.,"jeans,white"
436,Oversized Kurti,Kurti,College,Meesho,1434,3.9,5,Mustard,L,Female,Trendy kurti to pair with jeans for college.,"kurti,mustard"
437,Smart Top,Top,College,Manyavar,651,4.1,2,White,Free Size,Female,Smart Top for College occasions.,"top,white"
438,Stylish Oversized Shirt,Oversized Shirt,College,Manyavar,1119,4.3,4,White,S,Female,Stylish Oversized Shirt for College occasions.,"oversized,shirt,white"
439,Oversized T-shirt,T-shirt,College,Meesho,1517,4.7,6,White,S,Female,Oversized T-shirt for College occasions.,"t-shirt,white"
440,Oversized Jeans,Jeans,College,Meesho,597,4.7,6,Sky Blue,Free Size,Female,Oversized Jeans for College occasions.,"jeans,sky blue"
441,Comfortable Kurti,Kurti,College,Manyavar,781,4.4,6,Navy,XS,Female,Trendy kurti to pair with jeans for college.,"kurti,navy"
442,Stylish Top,Top,College,Manyavar,1401,4.0,6,Black,XL,Female,Stylish Top for College occasions.,"top,black"
443,Stylish Oversized Shirt,Oversized Shirt,College,Manyavar,698,4.6,2,Coral,L,Female,Stylish Oversized Shirt for College occasions.,"oversized,shirt,coral"
444,Comfortable T-shirt,T-shirt,College,Manyavar,376,4.8,8,Sky Blue,Free Size,Female,Comfortable T-shirt for College occasions.,"t-shirt,sky blue"
445,Trendy Jeans,Jeans,College,Meesho,893,4.3,3,Sky Blue,S,Female,Trendy Jeans for College occasions.,"jeans,sky blue"
446,Stylish Kurti,Kurti,College,Amazon,1289,4.2,6,Coral,M,Female,Trendy kurti to pair with jeans for college.,"kurti,coral"
447,Comfortable Top,Top,College,Amazon,1393,4.8,2,White,XS,Female,Comfortable Top for College occasions.,"top,white"
448,Comfortable Oversized Shirt,Oversized Shirt,College,Meesho,1498,3.8,8,Navy,S,Female,Comfortable Oversized Shirt for College occasions.,"oversized,shirt,navy"
449,Stylish T-shirt,T-shirt,College,Myntra,1302,4.9,3,Coral,XL,Female,Stylish T-shirt for College occasions.,"t-shirt,coral"
450,Comfortable Jeans,Jeans,College,Amazon,702,4.6,3,Olive,S,Female,Comfortable Jeans for College occasions.,"jeans,olive"
451,Smart T-shirt,T-shirt,College,Myntra,1197,4.2,4,Mustard,L,Male,Smart T-shirt for College occasions.,"t-shirt,mustard"
452,Smart Hoodie,Hoodie,College,Amazon,1917,4.8,7,Sky Blue,XXL,Male,"Comfortable hoodie for college, trendy and casual.","hoodie,sky blue"
453,Casual Casual Shirt,Casual Shirt,College,Manyavar,1555,4.4,7,Grey,XS,Male,Casual Casual Shirt for College occasions.,"casual,shirt,grey"
454,Stylish Jeans,Jeans,College,Meesho,518,4.8,7,Coral,XS,Male,Stylish Jeans for College occasions.,"jeans,coral"
455,Trendy T-shirt,T-shirt,College,Manyavar,1280,3.9,4,Navy,L,Male,Trendy T-shirt for College occasions.,"t-shirt,navy"
456,Oversized Hoodie,Hoodie,College,Meesho,1333,4.6,3,Sky Blue,S,Male,"Comfortable hoodie for college, trendy and casual.","hoodie,sky blue"
457,Smart Casual Shirt,Casual Shirt,College,Meesho,537,4.1,3,Mustard,XXL,Male,Smart Casual Shirt for College occasions.,"casual,shirt,mustard"
458,Casual Jeans,Jeans,College,Amazon,1131,4.8,6,Mustard,XL,Male,Casual Jeans for College occasions.,"jeans,mustard"
459,Casual T-shirt,T-shirt,College,Amazon,1649,4.0,3,Olive,XL,Male,Casual T-shirt for College occasions.,"t-shirt,olive"
460,Stylish Hoodie,Hoodie,College,Meesho,1362,4.1,7,White,M,Male,"Comfortable hoodie for college, trendy and casual.","hoodie,white"
461,Casual Casual Shirt,Casual Shirt,College,Meesho,813,4.1,8,Navy,Free Size,Male,Casual Casual Shirt for College occasions.,"casual,shirt,navy"
462,Smart Jeans,Jeans,College,Amazon,1871,4.9,7,Mustard,S,Male,Smart Jeans for College occasions.,"jeans,mustard"
463,Smart T-shirt,T-shirt,College,Myntra,1059,4.7,7,Olive,XL,Male,Smart T-shirt for College occasions.,"t-shirt,olive"
464,Stylish Hoodie,Hoodie,College,Manyavar,902,4.8,2,Sky Blue,XXL,Male,"Comfortable hoodie for college, trendy and casual.","hoodie,sky blue"
465,Trendy Casual Shirt,Casual Shirt,College,Amazon,1499,4.4,7,Coral,XS,Male,Trendy Casual Shirt for College occasions.,"casual,shirt,coral"
466,Stylish Jeans,Jeans,College,Manyavar,1137,4.7,2,White,Free Size,Male,Stylish Jeans for College occasions.,"jeans,white"
467,Stylish T-shirt,T-shirt,College,Meesho,997,4.2,6,Sky Blue,Free Size,Male,Stylish T-shirt for College occasions.,"t-shirt,sky blue"
468,Stylish Hoodie,Hoodie,College,Manyavar,1723,3.9,4,Black,XL,Male,"Comfortable hoodie for college, trendy and casual.","hoodie,black"
469,Comfortable Casual Shirt,Casual Shirt,College,Manyavar,1594,4.0,4,Grey,Free Size,Male,Comfortable Casual Shirt for College occasions.,"casual,shirt,grey"
470,Stylish Jeans,Jeans,College,Myntra,1496,4.4,4,Navy,S,Male,Stylish Jeans for College occasions.,"jeans,navy"
471,Stylish T-shirt,T-shirt,College,Amazon,1974,3.9,7,Olive,L,Male,Stylish T-shirt for College occasions.,"t-shirt,olive"
472,Oversized Hoodie,Hoodie,College,Myntra,348,4.5,3,Coral,XXL,Male,"Comfortable hoodie for college, trendy and casual.","hoodie,coral"
473,Smart Casual Shirt,Casual Shirt,College,Manyavar,1928,4.1,8,White,M,Male,Smart Casual Shirt for College occasions.,"casual,shirt,white"
474,Trendy Jeans,Jeans,College,Myntra,1977,4.6,5,Black,XS,Male,Trendy Jeans for College occasions.,"jeans,black"
475,Comfortable T-shirt,T-shirt,College,Meesho,506,4.1,5,Navy,Free Size,Male,Comfortable T-shirt for College occasions.,"t-shirt,navy"
476,Trendy Hoodie,Hoodie,College,Myntra,826,4.5,2,Sky Blue,XS,Male,"Comfortable hoodie for college, trendy and casual.","hoodie,sky blue"
477,Comfortable Casual Shirt,Casual Shirt,College,Amazon,1003,4.4,4,Grey,XS,Male,Comfortable Casual Shirt for College occasions.,"casual,shirt,grey"
478,Comfortable Jeans,Jeans,College,Myntra,562,4.6,7,Navy,XS,Male,Comfortable Jeans for College occasions.,"jeans,navy"
479,Oversized T-shirt,T-shirt,College,Meesho,1252,4.5,3,Navy,Free Size,Male,Oversized T-shirt for College occasions.,"t-shirt,navy"
480,Smart Hoodie,Hoodie,College,Myntra,1206,4.3,7,Black,Free Size,Male,"Comfortable hoodie for college, trendy and casual.","hoodie,black"
481,Stylish Casual Shirt,Casual Shirt,College,Manyavar,430,4.1,5,Navy,L,Male,Stylish Casual Shirt for College occasions.,"casual,shirt,navy"
482,Smart Jeans,Jeans,College,Myntra,1972,4.6,3,Mustard,XXL,Male,Smart Jeans for College occasions.,"jeans,mustard"
483,Stylish T-shirt,T-shirt,College,Myntra,766,4.6,5,Black,Free Size,Male,Stylish T-shirt for College occasions.,"t-shirt,black"
484,Smart Hoodie,Hoodie,College,Myntra,1797,3.8,5,Grey,Free Size,Male,"Comfortable hoodie for college, trendy and casual.","hoodie,grey"
485,Stylish Casual Shirt,Casual Shirt,College,Myntra,1975,3.9,6,Navy,XL,Male,Stylish Casual Shirt for College occasions.,"casual,shirt,navy"
486,Comfortable Jeans,Jeans,College,Myntra,1491,4.3,5,White,M,Male,Comfortable Jeans for College occasions.,"jeans,white"
487,Trendy T-shirt,T-shirt,College,Amazon,1992,4.4,2,Mustard,XXL,Male,Trendy T-shirt for College occasions.,"t-shirt,mustard"
488,Casual Hoodie,Hoodie,College,Meesho,856,3.9,5,Navy,Free Size,Male,"Comfortable hoodie for college, trendy and casual.","hoodie,navy"
489,Comfortable Casual Shirt,Casual Shirt,College,Myntra,1401,4.1,4,White,S,Male,Comfortable Casual Shirt for College occasions.,"casual,shirt,white"
490,Smart Jeans,Jeans,College,Myntra,1551,4.5,3,White,L,Male,Smart Jeans for College occasions.,"jeans,white"
491,Comfortable T-shirt,T-shirt,College,Amazon,323,4.0,4,Black,XL,Male,Comfortable T-shirt for College occasions.,"t-shirt,black"
492,Casual Hoodie,Hoodie,College,Amazon,1537,4.7,7,White,M,Male,"Comfortable hoodie for college, trendy and casual.","hoodie,white"
493,Stylish Casual Shirt,Casual Shirt,College,Meesho,1523,4.8,5,Sky Blue,S,Male,Stylish Casual Shirt for College occasions.,"casual,shirt,sky blue"
494,Comfortable Jeans,Jeans,College,Manyavar,1323,4.7,3,Black,XXL,Male,Comfortable Jeans for College occasions.,"jeans,black"
495,Stylish T-shirt,T-shirt,College,Meesho,1873,4.0,5,Coral,Free Size,Male,Stylish T-shirt for College occasions.,"t-shirt,coral"
496,Oversized Hoodie,Hoodie,College,Myntra,653,4.2,4,Sky Blue,Free Size,Male,"Comfortable hoodie for college, trendy and casual.","hoodie,sky blue"
497,Oversized Casual Shirt,Casual Shirt,College,Amazon,1384,4.0,6,Black,XS,Male,Oversized Casual Shirt for College occasions.,"casual,shirt,black"
498,Oversized Jeans,Jeans,College,Amazon,1025,5.0,7,Navy,XL,Male,Oversized Jeans for College occasions.,"jeans,navy"
499,Trendy T-shirt,T-shirt,College,Myntra,1713,4.5,2,Navy,S,Male,Trendy T-shirt for College occasions.,"t-shirt,navy"
500,Smart Hoodie,Hoodie,College,Myntra,1903,3.9,7,Black,M,Male,"Comfortable hoodie for college, trendy and casual.","hoodie,black"
501,Modest Saree,Saree,Pooja,Manyavar,1644,4.7,5,Saffron,XXL,Female,Simple cotton saree for pooja and religious ceremonies. Modest and traditional.,"saree,saffron"
502,Elegant Salwar Kameez,Salwar Kameez,Pooja,Manyavar,2679,4.8,6,Pale Pink,XL,Female,Elegant Salwar Kameez for Pooja occasions.,"salwar,kameez,pale pink"
503,Traditional Long Skirt,Long Skirt,Pooja,Manyavar,1715,4.4,7,Saffron,XS,Female,Traditional Long Skirt for Pooja occasions.,"long,skirt,saffron"
504,Pure Cotton Saree,Cotton Saree,Pooja,Myntra,1332,4.9,5,Light Green,M,Female,Pure Cotton Saree for Pooja occasions.,"cotton,saree,light green"
505,Cotton Silk Saree,Silk Saree,Pooja,Meesho,2296,4.3,4,Light Green,XXL,Female,Cotton Silk Saree for Pooja occasions.,"silk,saree,light green"
506,Modest Saree,Saree,Pooja,Myntra,2309,4.9,3,Pale Pink,M,Female,Simple cotton saree for pooja and religious ceremonies. Modest and traditional.,"saree,pale pink"
507,Pure Salwar Kameez,Salwar Kameez,Pooja,Meesho,632,4.8,3,Saffron,XS,Female,Pure Salwar Kameez for Pooja occasions.,"salwar,kameez,saffron"
508,Pure Long Skirt,Long Skirt,Pooja,Meesho,2193,4.7,2,Light Green,S,Female,Pure Long Skirt for Pooja occasions.,"long,skirt,light green"
509,Elegant Cotton Saree,Cotton Saree,Pooja,Manyavar,2869,4.5,7,Light Green,XL,Female,Elegant Cotton Saree for Pooja occasions.,"cotton,saree,light green"
510,Cotton Silk Saree,Silk Saree,Pooja,Amazon,2242,4.6,7,Pale Pink,M,Female,Cotton Silk Saree for Pooja occasions.,"silk,saree,pale pink"
511,Traditional Saree,Saree,Pooja,Amazon,1450,4.4,7,Pale Pink,Free Size,Female,Simple cotton saree for pooja and religious ceremonies. Modest and traditional.,"saree,pale pink"
512,Pure Salwar Kameez,Salwar Kameez,Pooja,Amazon,1472,4.5,2,Cream,M,Female,Pure Salwar Kameez for Pooja occasions.,"salwar,kameez,cream"
513,Traditional Long Skirt,Long Skirt,Pooja,Myntra,2379,4.4,8,Yellow,XS,Female,Traditional Long Skirt for Pooja occasions.,"long,skirt,yellow"
514,Elegant Cotton Saree,Cotton Saree,Pooja,Myntra,478,3.8,2,White,XL,Female,Elegant Cotton Saree for Pooja occasions.,"cotton,saree,white"
515,Simple Silk Saree,Silk Saree,Pooja,Manyavar,941,4.3,6,Yellow,L,Female,Simple Silk Saree for Pooja occasions.,"silk,saree,yellow"
516,Pure Saree,Saree,Pooja,Amazon,513,4.9,3,Saffron,M,Female,Simple cotton saree for pooja and religious ceremonies. Modest and traditional.,"saree,saffron"
517,Modest Salwar Kameez,Salwar Kameez,Pooja,Myntra,2244,4.8,4,Saffron,M,Female,Modest Salwar Kameez for Pooja occasions.,"salwar,kameez,saffron"
518,Pure Long Skirt,Long Skirt,Pooja,Manyavar,964,3.9,5,Yellow,L,Female,Pure Long Skirt for Pooja occasions.,"long,skirt,yellow"
519,Pure Cotton Saree,Cotton Saree,Pooja,Amazon,2300,4.2,8,White,S,Female,Pure Cotton Saree for Pooja occasions.,"cotton,saree,white"
520,Elegant Silk Saree,Silk Saree,Pooja,Amazon,2578,4.4,5,Yellow,M,Female,Elegant Silk Saree for Pooja occasions.,"silk,saree,yellow"
521,Pure Saree,Saree,Pooja,Meesho,481,4.5,8,Light Green,Free Size,Female,Simple cotton saree for pooja and religious ceremonies. Modest and traditional.,"saree,light green"
522,Simple Salwar Kameez,Salwar Kameez,Pooja,Manyavar,2152,4.5,7,Yellow,M,Female,Simple Salwar Kameez for Pooja occasions.,"salwar,kameez,yellow"
523,Simple Long Skirt,Long Skirt,Pooja,Meesho,412,4.8,5,Cream,XXL,Female,Simple Long Skirt for Pooja occasions.,"long,skirt,cream"
524,Simple Cotton Saree,Cotton Saree,Pooja,Meesho,1319,4.3,3,Light Green,L,Female,Simple Cotton Saree for Pooja occasions.,"cotton,saree,light green"
525,Modest Silk Saree,Silk Saree,Pooja,Amazon,2565,3.9,5,Cream,M,Female,Modest Silk Saree for Pooja occasions.,"silk,saree,cream"
526,Modest Saree,Saree,Pooja,Manyavar,2368,4.7,6,Yellow,Free Size,Female,Simple cotton saree for pooja and religious ceremonies. Modest and traditional.,"saree,yellow"
527,Pure Salwar Kameez,Salwar Kameez,Pooja,Myntra,2191,4.9,4,Light Green,S,Female,Pure Salwar Kameez for Pooja occasions.,"salwar,kameez,light green"
528,Modest Long Skirt,Long Skirt,Pooja,Manyavar,1498,4.0,8,Yellow,M,Female,Modest Long Skirt for Pooja occasions.,"long,skirt,yellow"
529,Modest Cotton Saree,Cotton Saree,Pooja,Amazon,1469,5.0,4,Light Green,XS,Female,Modest Cotton Saree for Pooja occasions.,"cotton,saree,light green"
530,Traditional Silk Saree,Silk Saree,Pooja,Meesho,1721,4.8,6,Light Green,S,Female,Traditional Silk Saree for Pooja occasions.,"silk,saree,light green"
531,Traditional Saree,Saree,Pooja,Manyavar,766,4.7,2,Pale Pink,XS,Female,Simple cotton saree for pooja and religious ceremonies. Modest and traditional.,"saree,pale pink"
532,Elegant Salwar Kameez,Salwar Kameez,Pooja,Myntra,654,4.7,4,White,L,Female,Elegant Salwar Kameez for Pooja occasions.,"salwar,kameez,white"
533,Modest Long Skirt,Long Skirt,Pooja,Amazon,2689,4.5,7,Pale Pink,XXL,Female,Modest Long Skirt for Pooja occasions.,"long,skirt,pale pink"
534,Traditional Cotton Saree,Cotton Saree,Pooja,Amazon,880,4.5,7,Saffron,M,Female,Traditional Cotton Saree for Pooja occasions.,"cotton,saree,saffron"
535,Cotton Silk Saree,Silk Saree,Pooja,Meesho,2696,4.4,8,Cream,M,Female,Cotton Silk Saree for Pooja occasions.,"silk,saree,cream"
536,Modest Saree,Saree,Pooja,Meesho,846,4.5,2,Pale Pink,S,Female,Simple cotton saree for pooja and religious ceremonies. Modest and traditional.,"saree,pale pink"
537,Traditional Salwar Kameez,Salwar Kameez,Pooja,Amazon,1907,4.6,2,Cream,XS,Female,Traditional Salwar Kameez for Pooja occasions.,"salwar,kameez,cream"
538,Cotton Long Skirt,Long Skirt,Pooja,Myntra,614,4.5,6,Light Green,XL,Female,Cotton Long Skirt for Pooja occasions.,"long,skirt,light green"
539,Modest Cotton Saree,Cotton Saree,Pooja,Myntra,1960,4.8,2,Yellow,XS,Female,Modest Cotton Saree for Pooja occasions.,"cotton,saree,yellow"
540,Simple Silk Saree,Silk Saree,Pooja,Myntra,1209,4.8,2,Pale Pink,XS,Female,Simple Silk Saree for Pooja occasions.,"silk,saree,pale pink"
541,Simple Saree,Saree,Pooja,Myntra,2901,4.0,2,White,Free Size,Female,Simple cotton saree for pooja and religious ceremonies. Modest and traditional.,"saree,white"
542,Traditional Salwar Kameez,Salwar Kameez,Pooja,Meesho,2751,4.1,6,White,XL,Female,Traditional Salwar Kameez for Pooja occasions.,"salwar,kameez,white"
543,Traditional Long Skirt,Long Skirt,Pooja,Manyavar,722,4.0,8,Yellow,XL,Female,Traditional Long Skirt for Pooja occasions.,"long,skirt,yellow"
544,Simple Cotton Saree,Cotton Saree,Pooja,Amazon,493,4.4,5,Light Green,XL,Female,Simple Cotton Saree for Pooja occasions.,"cotton,saree,light green"
545,Cotton Silk Saree,Silk Saree,Pooja,Amazon,2435,3.9,2,Cream,XXL,Female,Cotton Silk Saree for Pooja occasions.,"silk,saree,cream"
546,Traditional Saree,Saree,Pooja,Amazon,1080,4.4,2,Yellow,XL,Female,Simple cotton saree for pooja and religious ceremonies. Modest and traditional.,"saree,yellow"
547,Traditional Salwar Kameez,Salwar Kameez,Pooja,Manyavar,1238,3.9,8,Cream,XXL,Female,Traditional Salwar Kameez for Pooja occasions.,"salwar,kameez,cream"
548,Cotton Long Skirt,Long Skirt,Pooja,Amazon,2991,4.8,6,Cream,XL,Female,Cotton Long Skirt for Pooja occasions.,"long,skirt,cream"
549,Simple Cotton Saree,Cotton Saree,Pooja,Meesho,2967,4.5,7,White,Free Size,Female,Simple Cotton Saree for Pooja occasions.,"cotton,saree,white"
550,Simple Silk Saree,Silk Saree,Pooja,Meesho,1801,4.0,4,Light Green,L,Female,Simple Silk Saree for Pooja occasions.,"silk,saree,light green"
551,Elegant Dhoti,Dhoti,Pooja,Amazon,1983,4.3,6,Saffron,M,Male,"Traditional dhoti for pooja rituals. Pure cotton, comfortable for ceremonies.","dhoti,saffron"
552,Pure Kurta Pajama,Kurta Pajama,Pooja,Myntra,625,4.8,2,Yellow,XXL,Male,Pure Kurta Pajama for Pooja occasions.,"kurta,pajama,yellow"
553,Pure Veshti,Veshti,Pooja,Myntra,1381,4.7,7,Pale Pink,S,Male,Pure Veshti for Pooja occasions.,"veshti,pale pink"
554,Pure Dhoti,Dhoti,Pooja,Manyavar,2333,4.2,6,Pale Pink,XL,Male,"Traditional dhoti for pooja rituals. Pure cotton, comfortable for ceremonies.","dhoti,pale pink"
555,Simple Kurta Pajama,Kurta Pajama,Pooja,Manyavar,2691,4.6,3,Cream,S,Male,Simple Kurta Pajama for Pooja occasions.,"kurta,pajama,cream"
556,Traditional Veshti,Veshti,Pooja,Myntra,2208,4.9,2,Cream,XS,Male,Traditional Veshti for Pooja occasions.,"veshti,cream"
557,Traditional Dhoti,Dhoti,Pooja,Amazon,2916,4.2,3,Light Green,S,Male,"Traditional dhoti for pooja rituals. Pure cotton, comfortable for ceremonies.","dhoti,light green"
558,Modest Kurta Pajama,Kurta Pajama,Pooja,Myntra,2722,4.4,3,Pale Pink,S,Male,Modest Kurta Pajama for Pooja occasions.,"kurta,pajama,pale pink"
559,Traditional Veshti,Veshti,Pooja,Myntra,1853,4.5,4,Saffron,XL,Male,Traditional Veshti for Pooja occasions.,"veshti,saffron"
560,Modest Dhoti,Dhoti,Pooja,Meesho,1353,4.9,4,Pale Pink,L,Male,"Traditional dhoti for pooja rituals. Pure cotton, comfortable for ceremonies.","dhoti,pale pink"
561,Simple Kurta Pajama,Kurta Pajama,Pooja,Meesho,1741,4.6,4,Saffron,XXL,Male,Simple Kurta Pajama for Pooja occasions.,"kurta,pajama,saffron"
562,Elegant Veshti,Veshti,Pooja,Meesho,2187,4.0,4,Pale Pink,XXL,Male,Elegant Veshti for Pooja occasions.,"veshti,pale pink"
563,Elegant Dhoti,Dhoti,Pooja,Manyavar,2250,4.6,3,Yellow,XL,Male,"Traditional dhoti for pooja rituals. Pure cotton, comfortable for ceremonies.","dhoti,yellow"
564,Traditional Kurta Pajama,Kurta Pajama,Pooja,Manyavar,1719,4.5,6,Pale Pink,XL,Male,Traditional Kurta Pajama for Pooja occasions.,"kurta,pajama,pale pink"
565,Modest Veshti,Veshti,Pooja,Meesho,2996,5.0,4,Cream,M,Male,Modest Veshti for Pooja occasions.,"veshti,cream"
566,Pure Dhoti,Dhoti,Pooja,Myntra,735,4.6,4,Pale Pink,XXL,Male,"Traditional dhoti for pooja rituals. Pure cotton, comfortable for ceremonies.","dhoti,pale pink"
567,Simple Kurta Pajama,Kurta Pajama,Pooja,Myntra,2967,4.3,5,Cream,M,Male,Simple Kurta Pajama for Pooja occasions.,"kurta,pajama,cream"
568,Traditional Veshti,Veshti,Pooja,Amazon,964,4.6,6,Yellow,XXL,Male,Traditional Veshti for Pooja occasions.,"veshti,yellow"
569,Traditional Dhoti,Dhoti,Pooja,Amazon,2193,4.1,6,Cream,XL,Male,"Traditional dhoti for pooja rituals. Pure cotton, comfortable for ceremonies.","dhoti,cream"
570,Simple Kurta Pajama,Kurta Pajama,Pooja,Myntra,1233,4.6,4,Cream,L,Male,Simple Kurta Pajama for Pooja occasions.,"kurta,pajama,cream"
571,Elegant Veshti,Veshti,Pooja,Meesho,2148,4.8,6,Light Green,XXL,Male,Elegant Veshti for Pooja occasions.,"veshti,light green"
572,Simple Dhoti,Dhoti,Pooja,Manyavar,956,4.4,5,Cream,XXL,Male,"Traditional dhoti for pooja rituals. Pure cotton, comfortable for ceremonies.","dhoti,cream"
573,Traditional Kurta Pajama,Kurta Pajama,Pooja,Amazon,1760,4.9,6,White,XL,Male,Traditional Kurta Pajama for Pooja occasions.,"kurta,pajama,white"
574,Traditional Veshti,Veshti,Pooja,Manyavar,2156,4.4,7,Pale Pink,L,Male,Traditional Veshti for Pooja occasions.,"veshti,pale pink"
575,Traditional Dhoti,Dhoti,Pooja,Amazon,1161,4.7,6,Cream,Free Size,Male,"Traditional dhoti for pooja rituals. Pure cotton, comfortable for ceremonies.","dhoti,cream"
576,Traditional Kurta Pajama,Kurta Pajama,Pooja,Manyavar,1640,4.5,7,Saffron,XL,Male,Traditional Kurta Pajama for Pooja occasions.,"kurta,pajama,saffron"
577,Modest Veshti,Veshti,Pooja,Amazon,2446,3.8,3,White,XL,Male,Modest Veshti for Pooja occasions.,"veshti,white"
578,Cotton Dhoti,Dhoti,Pooja,Manyavar,1750,4.7,2,Saffron,S,Male,"Traditional dhoti for pooja rituals. Pure cotton, comfortable for ceremonies.","dhoti,saffron"
579,Modest Kurta Pajama,Kurta Pajama,Pooja,Amazon,2623,4.7,3,White,M,Male,Modest Kurta Pajama for Pooja occasions.,"kurta,pajama,white"
580,Pure Veshti,Veshti,Pooja,Amazon,2657,3.9,8,White,XL,Male,Pure Veshti for Pooja occasions.,"veshti,white"
581,Traditional Dhoti,Dhoti,Pooja,Myntra,2626,4.1,3,Cream,XS,Male,"Traditional dhoti for pooja rituals. Pure cotton, comfortable for ceremonies.","dhoti,cream"
582,Pure Kurta Pajama,Kurta Pajama,Pooja,Myntra,1854,4.1,4,Saffron,L,Male,Pure Kurta Pajama for Pooja occasions.,"kurta,pajama,saffron"
583,Cotton Veshti,Veshti,Pooja,Manyavar,2646,4.2,6,Cream,XL,Male,Cotton Veshti for Pooja occasions.,"veshti,cream"
584,Cotton Dhoti,Dhoti,Pooja,Myntra,1920,4.3,2,Light Green,XL,Male,"Traditional dhoti for pooja rituals. Pure cotton, comfortable for ceremonies.","dhoti,light green"
585,Cotton Kurta Pajama,Kurta Pajama,Pooja,Amazon,1151,3.9,3,White,S,Male,Cotton Kurta Pajama for Pooja occasions.,"kurta,pajama,white"
586,Cotton Veshti,Veshti,Pooja,Myntra,2711,4.7,4,Cream,XL,Male,Cotton Veshti for Pooja occasions.,"veshti,cream"
587,Traditional Dhoti,Dhoti,Pooja,Myntra,1749,4.6,5,Pale Pink,Free Size,Male,"Traditional dhoti for pooja rituals. Pure cotton, comfortable for ceremonies.","dhoti,pale pink"
588,Modest Kurta Pajama,Kurta Pajama,Pooja,Manyavar,2405,4.3,4,Yellow,L,Male,Modest Kurta Pajama for Pooja occasions.,"kurta,pajama,yellow"
589,Modest Veshti,Veshti,Pooja,Manyavar,798,4.0,3,Yellow,XXL,Male,Modest Veshti for Pooja occasions.,"veshti,yellow"
590,Elegant Dhoti,Dhoti,Pooja,Manyavar,2231,4.3,5,Cream,XS,Male,"Traditional dhoti for pooja rituals. Pure cotton, comfortable for ceremonies.","dhoti,cream"
591,Pure Kurta Pajama,Kurta Pajama,Pooja,Amazon,1510,4.1,5,Saffron,XL,Male,Pure Kurta Pajama for Pooja occasions.,"kurta,pajama,saffron"
592,Cotton Veshti,Veshti,Pooja,Myntra,2503,4.5,7,Cream,XS,Male,Cotton Veshti for Pooja occasions.,"veshti,cream"
593,Traditional Dhoti,Dhoti,Pooja,Manyavar,1544,3.9,7,Pale Pink,XXL,Male,"Traditional dhoti for pooja rituals. Pure cotton, comfortable for ceremonies.","dhoti,pale pink"
594,Elegant Kurta Pajama,Kurta Pajama,Pooja,Meesho,1200,4.9,7,Cream,S,Male,Elegant Kurta Pajama for Pooja occasions.,"kurta,pajama,cream"
595,Pure Veshti,Veshti,Pooja,Amazon,2807,4.8,6,Saffron,XL,Male,Pure Veshti for Pooja occasions.,"veshti,saffron"
596,Pure Dhoti,Dhoti,Pooja,Meesho,729,3.8,4,Yellow,XXL,Male,"Traditional dhoti for pooja rituals. Pure cotton, comfortable for ceremonies.","dhoti,yellow"
597,Pure Kurta Pajama,Kurta Pajama,Pooja,Manyavar,2822,4.7,6,Yellow,XL,Male,Pure Kurta Pajama for Pooja occasions.,"kurta,pajama,yellow"
598,Traditional Veshti,Veshti,Pooja,Manyavar,1432,4.1,5,Cream,XS,Male,Traditional Veshti for Pooja occasions.,"veshti,cream"
599,Traditional Dhoti,Dhoti,Pooja,Myntra,1881,4.7,4,Yellow,S,Male,"Traditional dhoti for pooja rituals. Pure cotton, comfortable for ceremonies.","dhoti,yellow"
600,Elegant Kurta Pajama,Kurta Pajama,Pooja,Meesho,1486,3.8,7,Yellow,L,Male,Elegant Kurta Pajama for Pooja occasions.,"kurta,pajama,yellow"
